0,1,2,3,4,5,6,7,8,9,10,11,12,13,14,15,16,17,18,19,20,21,22,23,24,25,26,27,28,29,30,31,32,33,34,35,36,37,38,39,40,41,42,43,44,45,46,47,48,49,50,51,52,53,54,55,56,57,58,59,60,61,62,63,64
0,0,0,0,0,0,0,0,0,9,0,0,0,0,0,0,0,0,191,0,0,0,0,0,0,0,0,67,0,0,0,0,0,0,0,0,63,0,0,0,0,0,0,0,0,75,0,0,0,0,0,0,0,0,107,0,0,0,0,0,0,0,0,0,epithelium
0,0,0,0,0,0,0,0,0,246,0,0,0,0,0,0,0,0,210,0,0,0,0,0,0,0,0,37,0,0,0,0,0,0,0,0,127,0,0,0,0,0,0,0,0,140,0,0,0,0,0,0,0,0,49,0,0,0,0,0,0,0,0,0,epithelium
0,0,0,0,0,0,0,0,0,54,0,0,0,0,0,0,0,0,23,0,0,0,0,0,0,0,0,253,0,0,0,0,0,0,0,0,152,0,0,0,0,0,0,0,0,22,0,0,0,0,0,0,0,0,1,0,0,0,0,0,0,0,0,0,epithelium
0,0,0,0,0,0,0,0,0,125,0,0,0,0,0,0,0,0,186,0,0,0,0,0,0,0,0,225,0,0,0,0,0,0,0,0,183,0,0,0,0,0,0,0,0,130,0,0,0,0,0,0,0,0,162,0,0,0,0,0,0,0,0,6,epithelium
16,0,0,0,0,0,0,0,0,37,0,0,0,0,0,0,0,0,187,0,0,0,0,0,0,0,0,19,0,0,0,0,0,0,0,0,106,0,0,0,0,0,0,0,0,49,0,0,0,0,0,0,0,0,211,0,0,0,0,0,0,0,0,207,epithelium
0,0,0,0,0,0,0,0,0,60,0,0,0,0,0,0,0,0,138,0,0,0,0,0,0,0,0,9,0,0,0,0,0,0,0,0,178,0,0,0,0,0,0,0,0,248,0,0,0,0,0,0,0,0,133,0,0,0,0,0,0,0,0,230,epithelium
0,0,0,0,0,0,0,0,0,112,0,0,0,0,0,0,0,0,42,0,0,0,0,0,0,0,0,62,0,0,0,0,0,0,0,0,142,0,0,0,0,0,0,0,0,231,0,0,0,0,0,0,0,0,49,0,0,0,0,0,0,0,0,0,epithelium
0,0,0,0,0,0,0,0,0,102,0,0,0,0,0,0,0,0,211,0,0,0,0,0,0,0,0,133,0,0,0,0,0,0,0,0,71,0,0,0,0,0,0,0,0,116,0,0,0,0,0,0,0,0,0,0,0,0,0,0,0,0,0,0,epithelium
0,0,0,0,0,0,0,0,0,197,0,0,0,0,0,0,0,0,72,0,0,0,0,0,0,0,0,117,0,0,0,0,0,0,0,0,169,0,0,0,0,0,0,0,0,57,0,0,0,0,0,0,0,0,64,0,0,0,0,0,0,0,0,0,epithelium
0,0,0,0,0,0,0,0,0,7,0,0,0,0,0,0,0,0,40,0,0,0,0,0,0,0,0,26,0,0,0,0,0,0,0,0,32,0,0,0,0,0,0,0,0,11,0,0,0,0,0,0,0,0,228,0,0,0,0,0,0,0,0,1,epithelium
0,0,0,0,0,0,0,0,0,11,0,0,0,0,0,0,0,0,6,0,0,0,0,0,0,0,0,136,0,0,0,0,0,0,0,0,88,0,0,0,0,0,0,0,0,171,0,0,0,0,0,0,0,0,15,0,0,0,0,0,0,0,0,85,epithelium
0,0,0,0,0,0,0,0,0,74,0,0,0,0,0,0,0,0,40,0,0,0,0,0,0,0,0,145,0,0,0,0,0,0,0,0,87,0,0,0,0,0,0,0,0,138,0,0,0,0,0,0,0,0,0,0,0,0,0,0,0,0,0,0,epithelium
0,0,0,0,0,0,0,0,0,33,0,0,0,0,0,0,0,0,223,0,0,0,0,0,0,0,0,194,0,0,0,0,0,0,0,0,216,0,0,0,0,0,0,0,0,245,0,0,0,0,0,0,0,0,158,0,0,0,0,0,0,0,0,183,epithelium
0,0,0,0,0,0,0,0,0,0,0,0,0,0,0,0,0,0,74,0,0,0,0,0,0,0,0,152,0,0,0,0,0,0,0,0,29,0,0,0,0,0,0,0,0,3,0,0,0,0,0,0,0,0,186,0,0,0,0,0,0,0,0,0,epithelium
2,0,0,0,0,0,0,0,0,131,0,0,0,0,0,0,0,0,74,0,0,0,0,0,0,0,0,31,0,0,0,0,0,0,0,0,82,0,0,0,0,0,0,0,0,133,0,0,0,0,0,0,0,0,52,0,0,0,0,0,0,0,0,0,epithelium
0,0,0,0,0,0,0,0,0,29,0,0,0,0,0,0,0,0,86,0,0,0,0,0,0,0,0,136,0,0,0,0,0,0,0,0,241,0,0,0,0,0,0,0,0,173,0,0,0,0,0,0,0,0,112,0,0,0,0,0,0,0,0,0,epithelium
0,0,0,0,0,0,0,0,0,110,0,0,0,0,0,0,0,0,147,0,0,0,0,0,0,0,0,127,0,0,0,0,0,0,0,0,231,0,0,0,0,0,0,0,0,93,0,0,0,0,0,0,0,0,101,0,0,0,0,0,0,0,0,0,epithelium
0,0,0,0,0,0,0,0,0,198,0,0,0,0,0,0,0,0,72,0,0,0,0,0,0,0,0,242,0,0,0,0,0,0,0,0,181,0,0,0,0,0,0,0,0,7,0,0,0,0,0,0,0,0,0,0,0,0,0,0,0,0,0,212,epithelium
0,0,0,0,0,0,0,0,0,22,0,0,0,0,0,0,0,0,144,0,0,0,0,0,0,0,0,159,0,0,0,0,0,0,0,0,218,0,0,0,0,0,0,0,0,71,0,0,0,0,0,0,0,0,24,0,0,0,0,0,0,0,0,0,epithelium
0,0,0,0,0,0,0,0,0,242,0,0,0,0,0,0,0,0,165,0,0,0,0,0,0,0,0,136,0,0,0,0,0,0,0,0,209,0,0,0,0,0,0,0,0,194,0,0,0,0,0,0,0,0,10,0,0,0,0,0,0,0,0,21,epithelium
0,0,0,0,0,0,0,0,0,13,0,0,0,0,0,0,0,0,102,0,0,0,0,0,0,0,0,187,0,0,0,0,0,0,0,0,69,0,0,0,0,0,0,0,0,148,0,0,0,0,0,0,0,0,203,0,0,0,0,0,0,0,0,172,epithelium
0,0,0,0,0,0,0,0,0,170,0,0,0,0,0,0,0,0,161,0,0,0,0,0,0,0,0,126,0,0,0,0,0,0,0,0,114,0,0,0,0,0,0,0,0,57,0,0,0,0,0,0,0,0,116,0,0,0,0,0,0,0,0,17,epithelium
0,0,0,0,0,0,0,0,0,220,0,0,0,0,0,0,0,0,43,0,0,0,0,0,0,0,0,255,0,0,0,0,0,0,0,0,34,0,0,0,0,0,0,0,0,93,0,0,0,0,0,0,0,0,75,0,0,0,0,0,0,0,0,73,epithelium
0,0,0,0,0,0,0,0,0,132,0,0,0,0,0,0,0,0,49,0,0,0,0,0,0,0,0,252,0,0,0,0,0,0,0,0,110,0,0,0,0,0,0,0,0,247,0,0,0,0,0,0,0,0,242,0,0,0,0,0,0,0,0,1,epithelium
0,0,0,0,0,0,0,0,0,98,0,0,0,0,0,0,0,0,38,0,0,0,0,0,0,0,0,193,0,0,0,0,0,0,0,0,96,0,0,0,0,0,0,0,0,146,0,0,0,0,0,0,0,0,45,0,0,0,0,0,0,0,0,40,epithelium
0,0,0,0,0,0,0,0,0,246,0,0,0,0,0,0,0,0,111,0,0,0,0,0,0,0,0,230,0,0,0,0,0,0,0,0,198,0,0,0,0,0,0,0,0,102,0,0,0,0,0,0,0,0,193,0,0,0,0,0,0,0,0,193,epithelium
0,0,0,0,0,0,0,0,0,163,0,0,0,0,0,0,0,0,80,0,0,0,0,0,0,0,0,44,0,0,0,0,0,0,0,0,112,0,0,0,0,0,0,0,0,174,0,0,0,0,0,0,0,0,231,0,0,0,0,0,0,0,0,0,epithelium
0,0,0,0,0,0,0,0,0,89,0,0,0,0,0,0,0,0,107,0,0,0,0,0,0,0,0,42,0,0,0,0,0,0,0,0,50,0,0,0,0,0,0,0,0,204,0,0,0,0,0,0,0,0,90,0,0,0,0,0,0,0,0,74,epithelium
10,0,0,0,0,0,0,0,0,147,0,0,0,0,0,0,0,0,232,0,0,0,0,0,0,0,0,67,0,0,0,0,0,0,0,0,138,0,0,0,0,0,0,0,0,178,0,0,0,0,0,0,0,0,219,0,0,0,0,0,0,0,0,26,epithelium
29,0,0,0,0,0,0,0,0,150,0,0,0,0,0,0,0,0,151,0,0,0,0,0,0,0,0,104,0,0,0,0,0,0,0,0,9,0,0,0,0,0,0,0,0,64,0,0,0,0,0,0,0,0,178,0,0,0,0,0,0,0,0,12,epithelium
0,0,0,0,0,0,0,0,0,78,0,0,0,0,0,0,0,0,148,0,0,0,0,0,0,0,0,176,0,0,0,0,0,0,0,0,6,0,0,0,0,0,0,0,0,232,0,0,0,0,0,0,0,0,36,0,0,0,0,0,0,0,0,0,epithelium
0,0,0,0,0,0,0,0,0,15,0,0,0,0,0,0,0,0,237,0,0,0,0,0,0,0,0,2,0,0,0,0,0,0,0,0,63,0,0,0,0,0,0,0,0,160,0,0,0,0,0,0,0,0,7,0,0,0,0,0,0,0,0,0,epithelium
0,0,0,0,0,0,0,0,0,157,0,0,0,0,0,0,0,0,204,0,0,0,0,0,0,0,0,0,0,0,0,0,0,0,0,0,231,0,0,0,0,0,0,0,0,100,0,0,0,0,0,0,0,0,99,0,0,0,0,0,0,0,0,219,epithelium
0,0,0,0,0,0,0,0,0,4,0,0,0,0,0,0,0,0,70,0,0,0,0,0,0,0,0,187,0,0,0,0,0,0,0,0,141,0,0,0,0,0,0,0,0,36,0,0,0,0,0,0,0,0,140,0,0,0,0,0,0,0,0,194,epithelium
0,0,0,0,0,0,0,0,0,29,0,0,0,0,0,0,0,0,168,0,0,0,0,0,0,0,0,176,0,0,0,0,0,0,0,0,198,0,0,0,0,0,0,0,0,165,0,0,0,0,0,0,0,0,36,0,0,0,0,0,0,0,0,0,epithelium
15,0,0,0,0,0,0,0,0,42,0,0,0,0,0,0,0,0,14,0,0,0,0,0,0,0,0,181,0,0,0,0,0,0,0,0,20,0,0,0,0,0,0,0,0,233,0,0,0,0,0,0,0,0,0,0,0,0,0,0,0,0,0,0,epithelium
0,0,0,0,0,0,0,0,0,103,0,0,0,0,0,0,0,0,13,0,0,0,0,0,0,0,0,159,0,0,0,0,0,0,0,0,69,0,0,0,0,0,0,0,0,63,0,0,0,0,0,0,0,0,250,0,0,0,0,0,0,0,0,0,epithelium
0,0,0,0,0,0,0,0,0,57,0,0,0,0,0,0,0,0,223,0,0,0,0,0,0,0,0,6,0,0,0,0,0,0,0,0,208,0,0,0,0,0,0,0,0,166,0,0,0,0,0,0,0,0,220,0,0,0,0,0,0,0,0,105,epithelium
0,0,0,0,0,0,0,0,0,29,0,0,0,0,0,0,0,0,164,0,0,0,0,0,0,0,0,101,0,0,0,0,0,0,0,0,8,0,0,0,0,0,0,0,0,204,0,0,0,0,0,0,0,0,135,0,0,0,0,0,0,0,0,3,epithelium
0,0,0,0,0,0,0,0,0,0,0,0,0,0,0,0,0,0,60,0,0,0,0,0,0,0,0,238,0,0,0,0,0,0,0,0,156,0,0,0,0,0,0,0,0,232,0,0,0,0,0,0,0,0,223,0,0,0,0,0,0,0,0,3,epithelium
0,0,0,0,0,0,0,0,0,5,0,0,0,0,0,0,0,0,91,0,0,0,0,0,0,0,0,17,0,0,0,0,0,0,0,0,25,0,0,0,0,0,0,0,0,26,0,0,0,0,0,0,0,0,0,0,0,0,0,0,0,0,0,0,epithelium
0,0,0,0,0,0,0,0,0,16,0,0,0,0,0,0,0,0,63,0,0,0,0,0,0,0,0,213,0,0,0,0,0,0,0,0,97,0,0,0,0,0,0,0,0,80,0,0,0,0,0,0,0,0,80,0,0,0,0,0,0,0,0,39,epithelium
0,0,0,0,0,0,0,0,0,0,0,0,0,0,0,0,0,0,248,0,0,0,0,0,0,0,0,254,0,0,0,0,0,0,0,0,206,0,0,0,0,0,0,0,0,11,0,0,0,0,0,0,0,0,181,0,0,0,0,0,0,0,0,13,epithelium
22,0,0,0,0,0,0,0,0,70,0,0,0,0,0,0,0,0,61,0,0,0,0,0,0,0,0,55,0,0,0,0,0,0,0,0,164,0,0,0,0,0,0,0,0,57,0,0,0,0,0,0,0,0,220,0,0,0,0,0,0,0,0,0,epithelium
0,0,0,0,0,0,0,0,0,29,0,0,0,0,0,0,0,0,48,0,0,0,0,0,0,0,0,4,0,0,0,0,0,0,0,0,86,0,0,0,0,0,0,0,0,136,0,0,0,0,0,0,0,0,247,0,0,0,0,0,0,0,0,0,epithelium
0,0,0,0,0,0,0,0,0,0,0,0,0,0,0,0,0,0,131,0,0,0,0,0,0,0,0,247,0,0,0,0,0,0,0,0,40,0,0,0,0,0,0,0,0,39,0,0,0,0,0,0,0,0,187,0,0,0,0,0,0,0,0,0,epithelium
0,0,0,0,0,0,0,0,0,212,0,0,0,0,0,0,0,0,66,0,0,0,0,0,0,0,0,246,0,0,0,0,0,0,0,0,69,0,0,0,0,0,0,0,0,55,0,0,0,0,0,0,0,0,87,0,0,0,0,0,0,0,0,133,epithelium
0,0,0,0,0,0,0,0,0,0,0,0,0,0,0,0,0,0,18,0,0,0,0,0,0,0,0,214,0,0,0,0,0,0,0,0,59,0,0,0,0,0,0,0,0,229,0,0,0,0,0,0,0,0,239,0,0,0,0,0,0,0,0,63,epithelium
0,0,0,0,0,0,0,0,0,2,0,0,0,0,0,0,0,0,69,0,0,0,0,0,0,0,0,141,0,0,0,0,0,0,0,0,67,0,0,0,0,0,0,0,0,101,0,0,0,0,0,0,0,0,118,0,0,0,0,0,0,0,0,158,epithelium
0,0,0,0,0,0,0,0,0,0,0,0,0,0,0,0,0,0,31,0,0,0,0,0,0,0,0,67,0,0,0,0,0,0,0,0,19,0,0,0,0,0,0,0,0,88,0,0,0,0,0,0,0,0,151,0,0,0,0,0,0,0,0,32,epithelium
0,0,0,0,0,0,0,0,0,0,0,0,0,0,0,0,0,0,3,0,0,0,0,0,0,0,0,40,0,0,0,0,0,0,0,0,110,0,0,0,0,0,0,0,0,217,0,0,0,0,0,0,0,0,51,0,0,0,0,0,0,0,0,155,epithelium
0,0,0,0,0,0,0,0,0,0,0,0,0,0,0,0,0,0,51,0,0,0,0,0,0,0,0,129,0,0,0,0,0,0,0,0,210,0,0,0,0,0,0,0,0,122,0,0,0,0,0,0,0,0,0,0,0,0,0,0,0,0,0,0,epithelium
0,0,0,0,0,0,0,0,0,25,0,0,0,0,0,0,0,0,31,0,0,0,0,0,0,0,0,160,0,0,0,0,0,0,0,0,30,0,0,0,0,0,0,0,0,252,0,0,0,0,0,0,0,0,214,0,0,0,0,0,0,0,0,234,epithelium
0,0,0,0,0,0,0,0,0,168,0,0,0,0,0,0,0,0,230,0,0,0,0,0,0,0,0,230,0,0,0,0,0,0,0,0,153,0,0,0,0,0,0,0,0,196,0,0,0,0,0,0,0,0,185,0,0,0,0,0,0,0,0,0,epithelium
0,0,0,0,0,0,0,0,0,0,0,0,0,0,0,0,0,0,84,0,0,0,0,0,0,0,0,106,0,0,0,0,0,0,0,0,170,0,0,0,0,0,0,0,0,209,0,0,0,0,0,0,0,0,75,0,0,0,0,0,0,0,0,0,epithelium
0,0,0,0,0,0,0,0,0,2,0,0,0,0,0,0,0,0,84,0,0,0,0,0,0,0,0,94,0,0,0,0,0,0,0,0,133,0,0,0,0,0,0,0,0,131,0,0,0,0,0,0,0,0,63,0,0,0,0,0,0,0,0,195,epithelium
0,0,0,0,0,0,0,0,0,0,0,0,0,0,0,0,0,0,7,0,0,0,0,0,0,0,0,7,0,0,0,0,0,0,0,0,137,0,0,0,0,0,0,0,0,95,0,0,0,0,0,0,0,0,137,0,0,0,0,0,0,0,0,193,epithelium
0,0,0,0,0,0,0,0,0,3,0,0,0,0,0,0,0,0,200,0,0,0,0,0,0,0,0,238,0,0,0,0,0,0,0,0,101,0,0,0,0,0,0,0,0,87,0,0,0,0,0,0,0,0,158,0,0,0,0,0,0,0,0,126,epithelium
0,0,0,0,0,0,0,0,0,0,0,0,0,0,0,0,0,0,129,0,0,0,0,0,0,0,0,202,0,0,0,0,0,0,0,0,128,0,0,0,0,0,0,0,0,87,0,0,0,0,0,0,0,0,70,0,0,0,0,0,0,0,0,9,epithelium
0,0,0,0,0,0,0,0,0,12,0,0,0,0,0,0,0,0,182,0,0,0,0,0,0,0,0,151,0,0,0,0,0,0,0,0,184,0,0,0,0,0,0,0,0,200,0,0,0,0,0,0,0,0,204,0,0,0,0,0,0,0,0,235,epithelium
0,0,0,0,0,0,0,0,0,0,0,0,0,0,0,0,0,0,218,0,0,0,0,0,0,0,0,131,0,0,0,0,0,0,0,0,80,0,0,0,0,0,0,0,0,143,0,0,0,0,0,0,0,0,57,0,0,0,0,0,0,0,0,15,epithelium
0,0,0,0,0,0,0,0,0,0,0,0,0,0,0,0,0,0,201,0,0,0,0,0,0,0,0,125,0,0,0,0,0,0,0,0,88,0,0,0,0,0,0,0,0,168,0,0,0,0,0,0,0,0,125,0,0,0,0,0,0,0,0,206,epithelium
0,0,0,0,0,0,0,0,0,88,0,0,0,0,0,0,0,0,239,0,0,0,0,0,0,0,0,168,0,0,0,0,0,0,0,0,12,0,0,0,0,0,0,0,0,220,0,0,0,0,0,0,0,0,140,0,0,0,0,0,0,0,0,117,epithelium
0,0,0,0,0,0,0,0,0,1,0,0,0,0,0,0,0,0,230,0,0,0,0,0,0,0,0,214,0,0,0,0,0,0,0,0,61,0,0,0,0,0,0,0,0,79,0,0,0,0,0,0,0,0,255,0,0,0,0,0,0,0,0,28,epithelium
0,0,0,0,0,0,0,0,0,119,0,0,0,0,0,0,0,0,199,0,0,0,0,0,0,0,0,255,0,0,0,0,0,0,0,0,168,0,0,0,0,0,0,0,0,246,0,0,0,0,0,0,0,0,52,0,0,0,0,0,0,0,0,117,epithelium
0,0,0,0,0,0,0,0,0,0,0,0,0,0,0,0,0,0,87,0,0,0,0,0,0,0,0,102,0,0,0,0,0,0,0,0,88,0,0,0,0,0,0,0,0,62,0,0,0,0,0,0,0,0,232,0,0,0,0,0,0,0,0,150,epithelium
0,0,0,0,0,0,0,0,0,0,0,0,0,0,0,0,0,0,165,0,0,0,0,0,0,0,0,189,0,0,0,0,0,0,0,0,18,0,0,0,0,0,0,0,0,42,0,0,0,0,0,0,0,0,198,0,0,0,0,0,0,0,0,0,epithelium
0,0,0,0,0,0,0,0,0,0,0,0,0,0,0,0,0,0,22,0,0,0,0,0,0,0,0,206,0,0,0,0,0,0,0,0,59,0,0,0,0,0,0,0,0,244,0,0,0,0,0,0,0,0,155,0,0,0,0,0,0,0,0,226,epithelium
0,0,0,0,0,0,0,0,0,3,0,0,0,0,0,0,0,0,141,0,0,0,0,0,0,0,0,70,0,0,0,0,0,0,0,0,62,0,0,0,0,0,0,0,0,0,0,0,0,0,0,0,0,0,49,0,0,0,0,0,0,0,0,100,epithelium
0,0,0,0,0,0,0,0,0,0,0,0,0,0,0,0,0,0,148,0,0,0,0,0,0,0,0,37,0,0,0,0,0,0,0,0,122,0,0,0,0,0,0,0,0,38,0,0,0,0,0,0,0,0,200,0,0,0,0,0,0,0,0,135,epithelium
0,0,0,0,0,0,0,0,0,0,0,0,0,0,0,0,0,0,82,0,0,0,0,0,0,0,0,228,0,0,0,0,0,0,0,0,106,0,0,0,0,0,0,0,0,222,0,0,0,0,0,0,0,0,27,0,0,0,0,0,0,0,0,235,epithelium
0,0,0,0,0,0,0,0,0,25,0,0,0,0,0,0,0,0,11,0,0,0,0,0,0,0,0,225,0,0,0,0,0,0,0,0,13,0,0,0,0,0,0,0,0,199,0,0,0,0,0,0,0,0,195,0,0,0,0,0,0,0,0,238,epithelium
0,0,0,0,0,0,0,0,0,16,0,0,0,0,0,0,0,0,237,0,0,0,0,0,0,0,0,71,0,0,0,0,0,0,0,0,2,0,0,0,0,0,0,0,0,185,0,0,0,0,0,0,0,0,216,0,0,0,0,0,0,0,0,186,epithelium
0,0,0,0,0,0,0,0,0,0,0,0,0,0,0,0,0,0,13,0,0,0,0,0,0,0,0,55,0,0,0,0,0,0,0,0,108,0,0,0,0,0,0,0,0,36,0,0,0,0,0,0,0,0,176,0,0,0,0,0,0,0,0,0,epithelium
0,0,0,0,0,0,0,0,0,7,0,0,0,0,0,0,0,0,71,0,0,0,0,0,0,0,0,24,0,0,0,0,0,0,0,0,214,0,0,0,0,0,0,0,0,97,0,0,0,0,0,0,0,0,149,0,0,0,0,0,0,0,0,127,epithelium
0,0,0,0,0,0,0,0,0,97,0,0,0,0,0,0,0,0,11,0,0,0,0,0,0,0,0,159,0,0,0,0,0,0,0,0,138,0,0,0,0,0,0,0,0,113,0,0,0,0,0,0,0,0,35,0,0,0,0,0,0,0,0,0,epithelium
0,0,0,0,0,0,0,0,0,150,0,0,0,0,0,0,0,0,73,0,0,0,0,0,0,0,0,105,0,0,0,0,0,0,0,0,183,0,0,0,0,0,0,0,0,65,0,0,0,0,0,0,0,0,0,0,0,0,0,0,0,0,0,0,epithelium
0,0,0,0,0,0,0,0,0,1,0,0,0,0,0,0,0,0,124,0,0,0,0,0,0,0,0,223,0,0,0,0,0,0,0,0,145,0,0,0,0,0,0,0,0,97,0,0,0,0,0,0,0,0,97,0,0,0,0,0,0,0,0,55,epithelium
0,0,0,0,0,0,0,0,0,0,0,0,0,0,0,0,0,0,175,0,0,0,0,0,0,0,0,236,0,0,0,0,0,0,0,0,118,0,0,0,0,0,0,0,0,25,0,0,0,0,0,0,0,0,127,0,0,0,0,0,0,0,0,184,epithelium
0,0,0,0,0,0,0,0,0,97,0,0,0,0,0,0,0,0,91,0,0,0,0,0,0,0,0,28,0,0,0,0,0,0,0,0,2,0,0,0,0,0,0,0,0,125,0,0,0,0,0,0,0,0,185,0,0,0,0,0,0,0,0,0,epithelium
0,0,0,0,0,0,0,0,0,113,0,0,0,0,0,0,0,0,163,0,0,0,0,0,0,0,0,217,0,0,0,0,0,0,0,0,6,0,0,0,0,0,0,0,0,149,0,0,0,0,0,0,0,0,178,0,0,0,0,0,0,0,0,138,epithelium
0,0,0,0,0,0,0,0,0,54,0,0,0,0,0,0,0,0,178,0,0,0,0,0,0,0,0,141,0,0,0,0,0,0,0,0,69,0,0,0,0,0,0,0,0,199,0,0,0,0,0,0,0,0,40,0,0,0,0,0,0,0,0,103,epithelium
0,0,0,0,0,0,0,0,0,0,0,0,0,0,0,0,0,0,132,0,0,0,0,0,0,0,0,23,0,0,0,0,0,0,0,0,189,0,0,0,0,0,0,0,0,236,0,0,0,0,0,0,0,0,210,0,0,0,0,0,0,0,0,34,epithelium
0,0,0,0,0,0,0,0,0,10,0,0,0,0,0,0,0,0,143,0,0,0,0,0,0,0,0,141,0,0,0,0,0,0,0,0,193,0,0,0,0,0,0,0,0,214,0,0,0,0,0,0,0,0,250,0,0,0,0,0,0,0,0,87,epithelium
0,0,0,0,0,0,0,0,0,63,0,0,0,0,0,0,0,0,24,0,0,0,0,0,0,0,0,215,0,0,0,0,0,0,0,0,190,0,0,0,0,0,0,0,0,41,0,0,0,0,0,0,0,0,16,0,0,0,0,0,0,0,0,235,epithelium
0,0,0,0,0,0,0,0,0,0,0,0,0,0,0,0,0,0,248,0,0,0,0,0,0,0,0,148,0,0,0,0,0,0,0,0,41,0,0,0,0,0,0,0,0,83,0,0,0,0,0,0,0,0,8,0,0,0,0,0,0,0,0,0,epithelium
0,0,0,0,0,0,0,0,0,229,0,0,0,0,0,0,0,0,104,0,0,0,0,0,0,0,0,100,0,0,0,0,0,0,0,0,75,0,0,0,0,0,0,0,0,88,0,0,0,0,0,0,0,0,160,0,0,0,0,0,0,0,0,128,epithelium
0,0,0,0,0,0,0,0,0,137,0,0,0,0,0,0,0,0,94,0,0,0,0,0,0,0,0,153,0,0,0,0,0,0,0,0,148,0,0,0,0,0,0,0,0,83,0,0,0,0,0,0,0,0,177,0,0,0,0,0,0,0,0,241,epithelium
0,0,0,0,0,0,0,0,0,0,0,0,0,0,0,0,0,0,101,0,0,0,0,0,0,0,0,199,0,0,0,0,0,0,0,0,57,0,0,0,0,0,0,0,0,60,0,0,0,0,0,0,0,0,75,0,0,0,0,0,0,0,0,36,epithelium
0,0,0,0,0,0,0,0,0,55,0,0,0,0,0,0,0,0,203,0,0,0,0,0,0,0,0,52,0,0,0,0,0,0,0,0,19,0,0,0,0,0,0,0,0,226,0,0,0,0,0,0,0,0,220,0,0,0,0,0,0,0,0,66,epithelium
0,0,0,0,0,0,0,0,0,74,0,0,0,0,0,0,0,0,130,0,0,0,0,0,0,0,0,69,0,0,0,0,0,0,0,0,165,0,0,0,0,0,0,0,0,2,0,0,0,0,0,0,0,0,163,0,0,0,0,0,0,0,0,75,epithelium
0,0,0,0,0,0,0,0,0,115,0,0,0,0,0,0,0,0,234,0,0,0,0,0,0,0,0,173,0,0,0,0,0,0,0,0,25,0,0,0,0,0,0,0,0,200,0,0,0,0,0,0,0,0,90,0,0,0,0,0,0,0,0,244,epithelium
0,0,0,0,0,0,0,0,0,0,0,0,0,0,0,0,0,0,208,0,0,0,0,0,0,0,0,175,0,0,0,0,0,0,0,0,36,0,0,0,0,0,0,0,0,120,0,0,0,0,0,0,0,0,43,0,0,0,0,0,0,0,0,3,epithelium
0,0,0,0,0,0,0,0,0,34,0,0,0,0,0,0,0,0,192,0,0,0,0,0,0,0,0,36,0,0,0,0,0,0,0,0,160,0,0,0,0,0,0,0,0,42,0,0,0,0,0,0,0,0,127,0,0,0,0,0,0,0,0,162,epithelium
0,0,0,0,0,0,0,0,0,75,0,0,0,0,0,0,0,0,52,0,0,0,0,0,0,0,0,15,0,0,0,0,0,0,0,0,189,0,0,0,0,0,0,0,0,68,0,0,0,0,0,0,0,0,19,0,0,0,0,0,0,0,0,0,epithelium
0,0,0,0,0,0,0,0,0,0,0,0,0,0,0,0,0,0,232,0,0,0,0,0,0,0,0,207,0,0,0,0,0,0,0,0,26,0,0,0,0,0,0,0,0,210,0,0,0,0,0,0,0,0,97,0,0,0,0,0,0,0,0,0,epithelium
0,0,0,0,0,0,0,0,0,78,0,0,0,0,0,0,0,0,22,0,0,0,0,0,0,0,0,43,0,0,0,0,0,0,0,0,171,0,0,0,0,0,0,0,0,204,0,0,0,0,0,0,0,0,235,0,0,0,0,0,0,0,0,0,epithelium
0,0,0,0,0,0,0,0,0,122,0,0,0,0,0,0,0,0,110,0,0,0,0,0,0,0,0,14,0,0,0,0,0,0,0,0,217,0,0,0,0,0,0,0,0,194,0,0,0,0,0,0,0,0,84,0,0,0,0,0,0,0,0,153,epithelium
5,0,0,0,0,0,0,0,0,46,0,0,0,0,0,0,0,0,16,0,0,0,0,0,0,0,0,54,0,0,0,0,0,0,0,0,51,0,0,0,0,0,0,0,0,21,0,0,0,0,0,0,0,0,165,0,0,0,0,0,0,0,0,184,epithelium
0,0,0,0,0,0,0,0,0,31,0,0,0,0,0,0,0,0,248,0,0,0,0,0,0,0,0,238,0,0,0,0,0,0,0,0,125,0,0,0,0,0,0,0,0,97,0,0,0,0,0,0,0,0,78,0,0,0,0,0,0,0,0,112,epithelium
0,0,0,0,0,0,0,0,0,37,0,0,0,0,0,0,0,0,132,0,0,0,0,0,0,0,0,177,0,0,0,0,0,0,0,0,64,0,0,0,0,0,0,0,0,114,0,0,0,0,0,0,0,0,149,0,0,0,0,0,0,0,0,0,epithelium
0,0,0,0,0,0,0,0,0,242,0,0,0,0,0,0,0,0,98,0,0,0,0,0,0,0,0,115,0,0,0,0,0,0,0,0,93,0,0,0,0,0,0,0,0,16,0,0,0,0,0,0,0,0,104,0,0,0,0,0,0,0,0,8,epithelium
0,0,0,0,0,0,0,0,0,78,0,0,0,0,0,0,0,0,44,0,0,0,0,0,0,0,0,208,0,0,0,0,0,0,0,0,51,0,0,0,0,0,0,0,0,7,0,0,0,0,0,0,0,0,226,0,0,0,0,0,0,0,0,59,epithelium
0,0,0,0,0,0,0,0,0,12,0,0,0,0,0,0,0,0,242,0,0,0,0,0,0,0,0,176,0,0,0,0,0,0,0,0,229,0,0,0,0,0,0,0,0,153,0,0,0,0,0,0,0,0,205,0,0,0,0,0,0,0,0,96,epithelium
0,0,0,0,0,0,0,0,0,2,0,0,0,0,0,0,0,0,71,0,0,0,0,0,0,0,0,52,0,0,0,0,0,0,0,0,104,0,0,0,0,0,0,0,0,242,0,0,0,0,0,0,0,0,26,0,0,0,0,0,0,0,0,19,epithelium
0,0,0,0,0,0,0,0,0,51,0,0,0,0,0,0,0,0,247,0,0,0,0,0,0,0,0,48,0,0,0,0,0,0,0,0,90,0,0,0,0,0,0,0,0,50,0,0,0,0,0,0,0,0,221,0,0,0,0,0,0,0,0,61,epithelium
0,0,0,0,0,0,0,0,0,217,0,0,0,0,0,0,0,0,111,0,0,0,0,0,0,0,0,191,0,0,0,0,0,0,0,0,91,0,0,0,0,0,0,0,0,95,0,0,0,0,0,0,0,0,0,0,0,0,0,0,0,0,0,0,epithelium
0,0,0,0,0,0,0,0,0,44,0,0,0,0,0,0,0,0,51,0,0,0,0,0,0,0,0,34,0,0,0,0,0,0,0,0,8,0,0,0,0,0,0,0,0,67,0,0,0,0,0,0,0,0,114,0,0,0,0,0,0,0,0,51,epithelium
0,0,0,0,0,0,0,0,0,137,0,0,0,0,0,0,0,0,195,0,0,0,0,0,0,0,0,45,0,0,0,0,0,0,0,0,204,0,0,0,0,0,0,0,0,207,0,0,0,0,0,0,0,0,140,0,0,0,0,0,0,0,0,209,epithelium
0,0,0,0,0,0,0,0,0,104,0,0,0,0,0,0,0,0,47,0,0,0,0,0,0,0,0,175,0,0,0,0,0,0,0,0,168,0,0,0,0,0,0,0,0,87,0,0,0,0,0,0,0,0,246,0,0,0,0,0,0,0,0,197,epithelium
0,0,0,0,0,0,0,0,0,19,0,0,0,0,0,0,0,0,218,0,0,0,0,0,0,0,0,208,0,0,0,0,0,0,0,0,96,0,0,0,0,0,0,0,0,133,0,0,0,0,0,0,0,0,97,0,0,0,0,0,0,0,0,110,epithelium
0,0,0,0,0,0,0,0,0,110,0,0,0,0,0,0,0,0,109,0,0,0,0,0,0,0,0,191,0,0,0,0,0,0,0,0,234,0,0,0,0,0,0,0,0,206,0,0,0,0,0,0,0,0,187,0,0,0,0,0,0,0,0,113,epithelium
0,0,0,0,0,0,0,0,0,46,0,0,0,0,0,0,0,0,5,0,0,0,0,0,0,0,0,162,0,0,0,0,0,0,0,0,75,0,0,0,0,0,0,0,0,11,0,0,0,0,0,0,0,0,97,0,0,0,0,0,0,0,0,53,epithelium
0,0,0,0,0,0,0,0,0,0,0,0,0,0,0,0,0,0,76,0,0,0,0,0,0,0,0,183,0,0,0,0,0,0,0,0,35,0,0,0,0,0,0,0,0,174,0,0,0,0,0,0,0,0,4,0,0,0,0,0,0,0,0,153,epithelium
0,0,0,0,0,0,0,0,0,5,0,0,0,0,0,0,0,0,137,0,0,0,0,0,0,0,0,164,0,0,0,0,0,0,0,0,90,0,0,0,0,0,0,0,0,171,0,0,0,0,0,0,0,0,176,0,0,0,0,0,0,0,0,189,epithelium
0,0,0,0,0,0,0,0,0,84,0,0,0,0,0,0,0,0,158,0,0,0,0,0,0,0,0,59,0,0,0,0,0,0,0,0,133,0,0,0,0,0,0,0,0,75,0,0,0,0,0,0,0,0,115,0,0,0,0,0,0,0,0,144,epithelium
0,0,0,0,0,0,0,0,0,139,0,0,0,0,0,0,0,0,64,0,0,0,0,0,0,0,0,205,0,0,0,0,0,0,0,0,215,0,0,0,0,0,0,0,0,222,0,0,0,0,0,0,0,0,49,0,0,0,0,0,0,0,0,0,epithelium
0,0,0,0,0,0,0,0,0,3,0,0,0,0,0,0,0,0,38,0,0,0,0,0,0,0,0,113,0,0,0,0,0,0,0,0,56,0,0,0,0,0,0,0,0,215,0,0,0,0,0,0,0,0,32,0,0,0,0,0,0,0,0,0,epithelium
0,0,0,0,0,0,0,0,0,0,0,0,0,0,0,0,0,0,95,0,0,0,0,0,0,0,0,101,0,0,0,0,0,0,0,0,109,0,0,0,0,0,0,0,0,34,0,0,0,0,0,0,0,0,255,0,0,0,0,0,0,0,0,44,epithelium
0,0,0,0,0,0,0,0,0,31,0,0,0,0,0,0,0,0,20,0,0,0,0,0,0,0,0,2,0,0,0,0,0,0,0,0,253,0,0,0,0,0,0,0,0,61,0,0,0,0,0,0,0,0,173,0,0,0,0,0,0,0,0,188,epithelium
0,0,0,0,0,0,0,0,0,0,0,0,0,0,0,0,0,0,155,0,0,0,0,0,0,0,0,51,0,0,0,0,0,0,0,0,245,0,0,0,0,0,0,0,0,65,0,0,0,0,0,0,0,0,21,0,0,0,0,0,0,0,0,0,epithelium
0,0,0,0,0,0,0,0,0,133,0,0,0,0,0,0,0,0,147,0,0,0,0,0,0,0,0,248,0,0,0,0,0,0,0,0,116,0,0,0,0,0,0,0,0,82,0,0,0,0,0,0,0,0,42,0,0,0,0,0,0,0,0,0,epithelium
0,0,0,0,0,0,0,0,0,130,0,0,0,0,0,0,0,0,34,0,0,0,0,0,0,0,0,210,0,0,0,0,0,0,0,0,237,0,0,0,0,0,0,0,0,96,0,0,0,0,0,0,0,0,174,0,0,0,0,0,0,0,0,0,epithelium
0,0,0,0,0,0,0,0,0,0,0,0,0,0,0,0,0,0,228,0,0,0,0,0,0,0,0,129,0,0,0,0,0,0,0,0,217,0,0,0,0,0,0,0,0,176,0,0,0,0,0,0,0,0,46,0,0,0,0,0,0,0,0,68,epithelium
0,0,0,0,0,0,0,0,0,220,0,0,0,0,0,0,0,0,163,0,0,0,0,0,0,0,0,9,0,0,0,0,0,0,0,0,125,0,0,0,0,0,0,0,0,248,0,0,0,0,0,0,0,0,43,0,0,0,0,0,0,0,0,217,epithelium
0,0,0,0,0,0,0,0,0,15,0,0,0,0,0,0,0,0,77,0,0,0,0,0,0,0,0,191,0,0,0,0,0,0,0,0,214,0,0,0,0,0,0,0,0,137,0,0,0,0,0,0,0,0,71,0,0,0,0,0,0,0,0,0,epithelium
0,0,0,0,0,0,0,0,0,100,0,0,0,0,0,0,0,0,190,0,0,0,0,0,0,0,0,230,0,0,0,0,0,0,0,0,188,0,0,0,0,0,0,0,0,254,0,0,0,0,0,0,0,0,232,0,0,0,0,0,0,0,0,199,epithelium
0,0,0,0,0,0,0,0,0,131,0,0,0,0,0,0,0,0,190,0,0,0,0,0,0,0,0,232,0,0,0,0,0,0,0,0,254,0,0,0,0,0,0,0,0,251,0,0,0,0,0,0,0,0,173,0,0,0,0,0,0,0,0,1,epithelium
0,0,0,0,0,0,0,0,0,98,0,0,0,0,0,0,0,0,145,0,0,0,0,0,0,0,0,122,0,0,0,0,0,0,0,0,225,0,0,0,0,0,0,0,0,94,0,0,0,0,0,0,0,0,30,0,0,0,0,0,0,0,0,0,epithelium
0,0,0,0,0,0,0,0,0,46,0,0,0,0,0,0,0,0,173,0,0,0,0,0,0,0,0,211,0,0,0,0,0,0,0,0,151,0,0,0,0,0,0,0,0,32,0,0,0,0,0,0,0,0,173,0,0,0,0,0,0,0,0,7,epithelium
0,0,0,0,0,0,0,0,0,25,0,0,0,0,0,0,0,0,188,0,0,0,0,0,0,0,0,200,0,0,0,0,0,0,0,0,182,0,0,0,0,0,0,0,0,199,0,0,0,0,0,0,0,0,4,0,0,0,0,0,0,0,0,0,epithelium
0,0,0,0,0,0,0,0,0,62,0,0,0,0,0,0,0,0,39,0,0,0,0,0,0,0,0,58,0,0,0,0,0,0,0,0,185,0,0,0,0,0,0,0,0,75,0,0,0,0,0,0,0,0,206,0,0,0,0,0,0,0,0,0,epithelium
0,0,0,0,0,0,0,0,0,191,0,0,0,0,0,0,0,0,4,0,0,0,0,0,0,0,0,71,0,0,0,0,0,0,0,0,120,0,0,0,0,0,0,0,0,177,0,0,0,0,0,0,0,0,45,0,0,0,0,0,0,0,0,0,epithelium
0,0,0,0,0,0,0,0,0,14,0,0,0,0,0,0,0,0,213,0,0,0,0,0,0,0,0,47,0,0,0,0,0,0,0,0,176,0,0,0,0,0,0,0,0,90,0,0,0,0,0,0,0,0,226,0,0,0,0,0,0,0,0,83,epithelium
0,0,0,0,0,0,0,0,0,105,0,0,0,0,0,0,0,0,156,0,0,0,0,0,0,0,0,228,0,0,0,0,0,0,0,0,70,0,0,0,0,0,0,0,0,25,0,0,0,0,0,0,0,0,126,0,0,0,0,0,0,0,0,67,epithelium
0,0,0,0,0,0,0,0,0,0,0,0,0,0,0,0,0,0,12,0,0,0,0,0,0,0,0,3,0,0,0,0,0,0,0,0,4,0,0,0,0,0,0,0,0,28,0,0,0,0,0,0,0,0,93,0,0,0,0,0,0,0,0,188,epithelium
0,0,0,0,0,0,0,0,0,68,0,0,0,0,0,0,0,0,146,0,0,0,0,0,0,0,0,248,0,0,0,0,0,0,0,0,98,0,0,0,0,0,0,0,0,75,0,0,0,0,0,0,0,0,1,0,0,0,0,0,0,0,0,53,epithelium
0,0,0,0,0,0,0,0,0,15,0,0,0,0,0,0,0,0,111,0,0,0,0,0,0,0,0,184,0,0,0,0,0,0,0,0,184,0,0,0,0,0,0,0,0,181,0,0,0,0,0,0,0,0,159,0,0,0,0,0,0,0,0,0,epithelium
0,0,0,0,0,0,0,0,0,188,0,0,0,0,0,0,0,0,1,0,0,0,0,0,0,0,0,137,0,0,0,0,0,0,0,0,242,0,0,0,0,0,0,0,0,227,0,0,0,0,0,0,0,0,116,0,0,0,0,0,0,0,0,18,epithelium
0,0,0,0,0,0,0,0,0,0,0,0,0,0,0,0,0,0,173,0,0,0,0,0,0,0,0,218,0,0,0,0,0,0,0,0,96,0,0,0,0,0,0,0,0,182,0,0,0,0,0,0,0,0,232,0,0,0,0,0,0,0,0,132,epithelium
0,0,0,0,0,0,0,0,0,33,0,0,0,0,0,0,0,0,136,0,0,0,0,0,0,0,0,74,0,0,0,0,0,0,0,0,236,0,0,0,0,0,0,0,0,45,0,0,0,0,0,0,0,0,221,0,0,0,0,0,0,0,0,224,epithelium
0,0,0,0,0,0,0,0,0,120,0,0,0,0,0,0,0,0,121,0,0,0,0,0,0,0,0,198,0,0,0,0,0,0,0,0,20,0,0,0,0,0,0,0,0,165,0,0,0,0,0,0,0,0,98,0,0,0,0,0,0,0,0,154,epithelium
0,0,0,0,0,0,0,0,0,195,0,0,0,0,0,0,0,0,172,0,0,0,0,0,0,0,0,120,0,0,0,0,0,0,0,0,1,0,0,0,0,0,0,0,0,90,0,0,0,0,0,0,0,0,206,0,0,0,0,0,0,0,0,20,epithelium
0,0,0,0,0,0,0,0,0,43,0,0,0,0,0,0,0,0,126,0,0,0,0,0,0,0,0,122,0,0,0,0,0,0,0,0,47,0,0,0,0,0,0,0,0,167,0,0,0,0,0,0,0,0,246,0,0,0,0,0,0,0,0,213,epithelium
0,0,0,0,0,0,0,0,0,0,0,0,0,0,0,0,0,0,153,0,0,0,0,0,0,0,0,196,0,0,0,0,0,0,0,0,241,0,0,0,0,0,0,0,0,107,0,0,0,0,0,0,0,0,145,0,0,0,0,0,0,0,0,66,epithelium
0,0,0,0,0,0,0,0,0,154,0,0,0,0,0,0,0,0,108,0,0,0,0,0,0,0,0,81,0,0,0,0,0,0,0,0,40,0,0,0,0,0,0,0,0,255,0,0,0,0,0,0,0,0,172,0,0,0,0,0,0,0,0,152,epithelium
0,0,0,0,0,0,0,0,0,183,0,0,0,0,0,0,0,0,3,0,0,0,0,0,0,0,0,108,0,0,0,0,0,0,0,0,139,0,0,0,0,0,0,0,0,127,0,0,0,0,0,0,0,0,83,0,0,0,0,0,0,0,0,63,epithelium
0,0,0,0,0,0,0,0,0,222,0,0,0,0,0,0,0,0,205,0,0,0,0,0,0,0,0,116,0,0,0,0,0,0,0,0,250,0,0,0,0,0,0,0,0,82,0,0,0,0,0,0,0,0,78,0,0,0,0,0,0,0,0,9,epithelium
72,0,0,0,0,0,0,0,0,111,0,0,0,0,0,0,0,0,217,0,0,0,0,0,0,0,0,231,0,0,0,0,0,0,0,0,103,0,0,0,0,0,0,0,0,192,0,0,0,0,0,0,0,0,193,0,0,0,0,0,0,0,0,106,epithelium
0,0,0,0,0,0,0,0,0,12,0,0,0,0,0,0,0,0,101,0,0,0,0,0,0,0,0,232,0,0,0,0,0,0,0,0,168,0,0,0,0,0,0,0,0,142,0,0,0,0,0,0,0,0,94,0,0,0,0,0,0,0,0,57,epithelium
0,0,0,0,0,0,0,0,0,85,0,0,0,0,0,0,0,0,239,0,0,0,0,0,0,0,0,40,0,0,0,0,0,0,0,0,203,0,0,0,0,0,0,0,0,156,0,0,0,0,0,0,0,0,34,0,0,0,0,0,0,0,0,155,epithelium
0,0,0,0,0,0,0,0,0,66,0,0,0,0,0,0,0,0,33,0,0,0,0,0,0,0,0,151,0,0,0,0,0,0,0,0,204,0,0,0,0,0,0,0,0,53,0,0,0,0,0,0,0,0,188,0,0,0,0,0,0,0,0,77,epithelium
0,0,0,0,0,0,0,0,0,141,0,0,0,0,0,0,0,0,115,0,0,0,0,0,0,0,0,176,0,0,0,0,0,0,0,0,178,0,0,0,0,0,0,0,0,152,0,0,0,0,0,0,0,0,249,0,0,0,0,0,0,0,0,209,epithelium
0,0,0,0,0,0,0,0,0,31,0,0,0,0,0,0,0,0,130,0,0,0,0,0,0,0,0,58,0,0,0,0,0,0,0,0,38,0,0,0,0,0,0,0,0,176,0,0,0,0,0,0,0,0,36,0,0,0,0,0,0,0,0,239,epithelium
0,0,0,0,0,0,0,0,0,18,0,0,0,0,0,0,0,0,45,0,0,0,0,0,0,0,0,167,0,0,0,0,0,0,0,0,198,0,0,0,0,0,0,0,0,211,0,0,0,0,0,0,0,0,219,0,0,0,0,0,0,0,0,0,epithelium
0,0,0,0,0,0,0,0,0,21,0,0,0,0,0,0,0,0,253,0,0,0,0,0,0,0,0,100,0,0,0,0,0,0,0,0,232,0,0,0,0,0,0,0,0,82,0,0,0,0,0,0,0,0,184,0,0,0,0,0,0,0,0,161,epithelium
0,0,0,0,0,0,0,0,0,64,0,0,0,0,0,0,0,0,3,0,0,0,0,0,0,0,0,212,0,0,0,0,0,0,0,0,246,0,0,0,0,0,0,0,0,42,0,0,0,0,0,0,0,0,52,0,0,0,0,0,0,0,0,54,epithelium
0,0,0,0,0,0,0,0,0,150,0,0,0,0,0,0,0,0,99,0,0,0,0,0,0,0,0,75,0,0,0,0,0,0,0,0,73,0,0,0,0,0,0,0,0,243,0,0,0,0,0,0,0,0,245,0,0,0,0,0,0,0,0,44,epithelium
0,0,0,0,0,0,0,0,0,2,0,0,0,0,0,0,0,0,170,0,0,0,0,0,0,0,0,239,0,0,0,0,0,0,0,0,193,0,0,0,0,0,0,0,0,5,0,0,0,0,0,0,0,0,33,0,0,0,0,0,0,0,0,98,epithelium
0,0,0,0,0,0,0,0,0,2,0,0,0,0,0,0,0,0,209,0,0,0,0,0,0,0,0,138,0,0,0,0,0,0,0,0,216,0,0,0,0,0,0,0,0,119,0,0,0,0,0,0,0,0,118,0,0,0,0,0,0,0,0,110,epithelium
0,0,0,0,0,0,0,0,0,208,0,0,0,0,0,0,0,0,43,0,0,0,0,0,0,0,0,190,0,0,0,0,0,0,0,0,238,0,0,0,0,0,0,0,0,70,0,0,0,0,0,0,0,0,150,0,0,0,0,0,0,0,0,97,epithelium
0,0,0,0,0,0,0,0,0,0,0,0,0,0,0,0,0,0,182,0,0,0,0,0,0,0,0,146,0,0,0,0,0,0,0,0,96,0,0,0,0,0,0,0,0,96,0,0,0,0,0,0,0,0,143,0,0,0,0,0,0,0,0,249,epithelium
11,0,0,0,0,0,0,0,0,131,0,0,0,0,0,0,0,0,11,0,0,0,0,0,0,0,0,39,0,0,0,0,0,0,0,0,132,0,0,0,0,0,0,0,0,170,0,0,0,0,0,0,0,0,162,0,0,0,0,0,0,0,0,0,epithelium
0,0,0,0,0,0,0,0,0,15,0,0,0,0,0,0,0,0,50,0,0,0,0,0,0,0,0,177,0,0,0,0,0,0,0,0,150,0,0,0,0,0,0,0,0,40,0,0,0,0,0,0,0,0,221,0,0,0,0,0,0,0,0,165,epithelium
0,0,0,0,0,0,0,0,0,10,0,0,0,0,0,0,0,0,112,0,0,0,0,0,0,0,0,190,0,0,0,0,0,0,0,0,122,0,0,0,0,0,0,0,0,37,0,0,0,0,0,0,0,0,237,0,0,0,0,0,0,0,0,2,epithelium
0,0,0,0,0,0,0,0,0,63,0,0,0,0,0,0,0,0,12,0,0,0,0,0,0,0,0,254,0,0,0,0,0,0,0,0,41,0,0,0,0,0,0,0,0,142,0,0,0,0,0,0,0,0,0,0,0,0,0,0,0,0,0,0,epithelium
0,0,0,0,0,0,0,0,0,9,0,0,0,0,0,0,0,0,216,0,0,0,0,0,0,0,0,100,0,0,0,0,0,0,0,0,150,0,0,0,0,0,0,0,0,82,0,0,0,0,0,0,0,0,61,0,0,0,0,0,0,0,0,38,epithelium
0,0,0,0,0,0,0,0,0,7,0,0,0,0,0,0,0,0,203,0,0,0,0,0,0,0,0,80,0,0,0,0,0,0,0,0,226,0,0,0,0,0,0,0,0,84,0,0,0,0,0,0,0,0,231,0,0,0,0,0,0,0,0,193,epithelium
0,0,0,0,0,0,0,0,0,17,0,0,0,0,0,0,0,0,87,0,0,0,0,0,0,0,0,175,0,0,0,0,0,0,0,0,205,0,0,0,0,0,0,0,0,87,0,0,0,0,0,0,0,0,125,0,0,0,0,0,0,0,0,44,epithelium
0,0,0,0,0,0,0,0,0,181,0,0,0,0,0,0,0,0,22,0,0,0,0,0,0,0,0,132,0,0,0,0,0,0,0,0,255,0,0,0,0,0,0,0,0,172,0,0,0,0,0,0,0,0,219,0,0,0,0,0,0,0,0,92,epithelium
0,0,0,0,0,0,0,0,0,25,0,0,0,0,0,0,0,0,166,0,0,0,0,0,0,0,0,103,0,0,0,0,0,0,0,0,209,0,0,0,0,0,0,0,0,119,0,0,0,0,0,0,0,0,219,0,0,0,0,0,0,0,0,247,epithelium
0,0,0,0,0,0,0,0,0,178,0,0,0,0,0,0,0,0,165,0,0,0,0,0,0,0,0,68,0,0,0,0,0,0,0,0,112,0,0,0,0,0,0,0,0,43,0,0,0,0,0,0,0,0,171,0,0,0,0,0,0,0,0,0,epithelium
0,0,0,0,0,0,0,0,0,42,0,0,0,0,0,0,0,0,241,0,0,0,0,0,0,0,0,35,0,0,0,0,0,0,0,0,122,0,0,0,0,0,0,0,0,96,0,0,0,0,0,0,0,0,83,0,0,0,0,0,0,0,0,222,epithelium
0,0,0,0,0,0,0,0,0,0,0,0,0,0,0,0,0,0,152,0,0,0,0,0,0,0,0,15,0,0,0,0,0,0,0,0,154,0,0,0,0,0,0,0,0,80,0,0,0,0,0,0,0,0,115,0,0,0,0,0,0,0,0,60,epithelium
0,0,0,0,0,0,0,0,0,148,0,0,0,0,0,0,0,0,51,0,0,0,0,0,0,0,0,204,0,0,0,0,0,0,0,0,69,0,0,0,0,0,0,0,0,169,0,0,0,0,0,0,0,0,111,0,0,0,0,0,0,0,0,0,epithelium
0,0,0,0,0,0,0,0,0,113,0,0,0,0,0,0,0,0,16,0,0,0,0,0,0,0,0,247,0,0,0,0,0,0,0,0,38,0,0,0,0,0,0,0,0,38,0,0,0,0,0,0,0,0,10,0,0,0,0,0,0,0,0,50,epithelium
0,0,0,0,0,0,0,0,0,0,0,0,0,0,0,0,0,0,55,0,0,0,0,0,0,0,0,66,0,0,0,0,0,0,0,0,8,0,0,0,0,0,0,0,0,110,0,0,0,0,0,0,0,0,253,0,0,0,0,0,0,0,0,218,epithelium
0,0,0,0,0,0,0,0,0,0,0,0,0,0,0,0,0,0,157,0,0,0,0,0,0,0,0,170,0,0,0,0,0,0,0,0,14,0,0,0,0,0,0,0,0,231,0,0,0,0,0,0,0,0,205,0,0,0,0,0,0,0,0,24,epithelium
0,0,0,0,0,0,0,0,0,213,0,0,0,0,0,0,0,0,47,0,0,0,0,0,0,0,0,193,0,0,0,0,0,0,0,0,123,0,0,0,0,0,0,0,0,173,0,0,0,0,0,0,0,0,35,0,0,0,0,0,0,0,0,244,epithelium
0,0,0,0,0,0,0,0,0,121,0,0,0,0,0,0,0,0,38,0,0,0,0,0,0,0,0,228,0,0,0,0,0,0,0,0,75,0,0,0,0,0,0,0,0,89,0,0,0,0,0,0,0,0,122,0,0,0,0,0,0,0,0,0,epithelium
0,0,0,0,0,0,0,0,0,63,0,0,0,0,0,0,0,0,249,0,0,0,0,0,0,0,0,107,0,0,0,0,0,0,0,0,212,0,0,0,0,0,0,0,0,143,0,0,0,0,0,0,0,0,26,0,0,0,0,0,0,0,0,18,epithelium
0,0,0,0,0,0,0,0,0,11,0,0,0,0,0,0,0,0,193,0,0,0,0,0,0,0,0,28,0,0,0,0,0,0,0,0,47,0,0,0,0,0,0,0,0,66,0,0,0,0,0,0,0,0,234,0,0,0,0,0,0,0,0,45,epithelium
0,0,0,0,0,0,0,0,0,38,0,0,0,0,0,0,0,0,124,0,0,0,0,0,0,0,0,0,0,0,0,0,0,0,0,0,21,0,0,0,0,0,0,0,0,246,0,0,0,0,0,0,0,0,116,0,0,0,0,0,0,0,0,0,epithelium
0,0,0,0,0,0,0,0,0,1,0,0,0,0,0,0,0,0,162,0,0,0,0,0,0,0,0,241,0,0,0,0,0,0,0,0,76,0,0,0,0,0,0,0,0,170,0,0,0,0,0,0,0,0,121,0,0,0,0,0,0,0,0,253,epithelium
0,0,0,0,0,0,0,0,0,195,0,0,0,0,0,0,0,0,201,0,0,0,0,0,0,0,0,90,0,0,0,0,0,0,0,0,250,0,0,0,0,0,0,0,0,131,0,0,0,0,0,0,0,0,62,0,0,0,0,0,0,0,0,0,epithelium
95,0,0,0,0,0,0,0,0,96,0,0,0,0,0,0,0,0,229,0,0,0,0,0,0,0,0,196,0,0,0,0,0,0,0,0,122,0,0,0,0,0,0,0,0,0,0,0,0,0,0,0,0,0,0,0,0,0,0,0,0,0,0,0,epithelium
0,0,0,0,0,0,0,0,0,179,0,0,0,0,0,0,0,0,170,0,0,0,0,0,0,0,0,71,0,0,0,0,0,0,0,0,80,0,0,0,0,0,0,0,0,122,0,0,0,0,0,0,0,0,95,0,0,0,0,0,0,0,0,212,epithelium
45,0,0,0,0,0,0,0,0,38,0,0,0,0,0,0,0,0,73,0,0,0,0,0,0,0,0,152,0,0,0,0,0,0,0,0,24,0,0,0,0,0,0,0,0,4,0,0,0,0,0,0,0,0,244,0,0,0,0,0,0,0,0,76,epithelium
0,0,0,0,0,0,0,0,0,29,0,0,0,0,0,0,0,0,134,0,0,0,0,0,0,0,0,54,0,0,0,0,0,0,0,0,136,0,0,0,0,0,0,0,0,36,0,0,0,0,0,0,0,0,139,0,0,0,0,0,0,0,0,20,epithelium
0,0,0,0,0,0,0,0,0,69,0,0,0,0,0,0,0,0,176,0,0,0,0,0,0,0,0,91,0,0,0,0,0,0,0,0,137,0,0,0,0,0,0,0,0,89,0,0,0,0,0,0,0,0,217,0,0,0,0,0,0,0,0,158,epithelium
0,0,0,0,0,0,0,0,0,111,0,0,0,0,0,0,0,0,247,0,0,0,0,0,0,0,0,90,0,0,0,0,0,0,0,0,23,0,0,0,0,0,0,0,0,134,0,0,0,0,0,0,0,0,247,0,0,0,0,0,0,0,0,0,epithelium
0,0,0,0,0,0,0,0,0,215,0,0,0,0,0,0,0,0,96,0,0,0,0,0,0,0,0,136,0,0,0,0,0,0,0,0,153,0,0,0,0,0,0,0,0,56,0,0,0,0,0,0,0,0,0,0,0,0,0,0,0,0,0,0,epithelium
4,0,0,0,0,0,0,0,0,202,0,0,0,0,0,0,0,0,141,0,0,0,0,0,0,0,0,153,0,0,0,0,0,0,0,0,228,0,0,0,0,0,0,0,0,10,0,0,0,0,0,0,0,0,116,0,0,0,0,0,0,0,0,0,epithelium
0,0,0,0,0,0,0,0,0,133,0,0,0,0,0,0,0,0,157,0,0,0,0,0,0,0,0,65,0,0,0,0,0,0,0,0,144,0,0,0,0,0,0,0,0,153,0,0,0,0,0,0,0,0,203,0,0,0,0,0,0,0,0,57,epithelium
0,0,0,0,0,0,0,0,0,203,0,0,0,0,0,0,0,0,209,0,0,0,0,0,0,0,0,15,0,0,0,0,0,0,0,0,160,0,0,0,0,0,0,0,0,241,0,0,0,0,0,0,0,0,236,0,0,0,0,0,0,0,0,232,epithelium
5,0,0,0,0,0,0,0,0,142,0,0,0,0,0,0,0,0,203,0,0,0,0,0,0,0,0,236,0,0,0,0,0,0,0,0,214,0,0,0,0,0,0,0,0,144,0,0,0,0,0,0,0,0,159,0,0,0,0,0,0,0,0,117,epithelium
0,0,0,0,0,0,0,0,0,12,0,0,0,0,0,0,0,0,47,0,0,0,0,0,0,0,0,102,0,0,0,0,0,0,0,0,55,0,0,0,0,0,0,0,0,176,0,0,0,0,0,0,0,0,226,0,0,0,0,0,0,0,0,191,epithelium
0,0,0,0,0,0,0,0,0,79,0,0,0,0,0,0,0,0,72,0,0,0,0,0,0,0,0,163,0,0,0,0,0,0,0,0,189,0,0,0,0,0,0,0,0,51,0,0,0,0,0,0,0,0,65,0,0,0,0,0,0,0,0,135,epithelium
50,0,0,0,0,0,0,0,0,172,0,0,0,0,0,0,0,0,9,0,0,0,0,0,0,0,0,19,0,0,0,0,0,0,0,0,191,0,0,0,0,0,0,0,0,49,0,0,0,0,0,0,0,0,218,0,0,0,0,0,0,0,0,0,epithelium
0,0,0,0,0,0,0,0,0,72,0,0,0,0,0,0,0,0,99,0,0,0,0,0,0,0,0,86,0,0,0,0,0,0,0,0,25,0,0,0,0,0,0,0,0,79,0,0,0,0,0,0,0,0,0,0,0,0,0,0,0,0,0,0,epithelium
0,0,0,0,0,0,0,0,0,16,0,0,0,0,0,0,0,0,105,0,0,0,0,0,0,0,0,0,0,0,0,0,0,0,0,0,231,0,0,0,0,0,0,0,0,73,0,0,0,0,0,0,0,0,0,0,0,0,0,0,0,0,0,0,epithelium
0,0,0,0,0,0,0,0,0,42,0,0,0,0,0,0,0,0,89,0,0,0,0,0,0,0,0,9,0,0,0,0,0,0,0,0,134,0,0,0,0,0,0,0,0,101,0,0,0,0,0,0,0,0,141,0,0,0,0,0,0,0,0,0,epithelium
2,0,0,0,0,0,0,0,0,201,0,0,0,0,0,0,0,0,145,0,0,0,0,0,0,0,0,113,0,0,0,0,0,0,0,0,3,0,0,0,0,0,0,0,0,61,0,0,0,0,0,0,0,0,146,0,0,0,0,0,0,0,0,2,epithelium
54,0,0,0,0,0,0,0,0,127,0,0,0,0,0,0,0,0,53,0,0,0,0,0,0,0,0,166,0,0,0,0,0,0,0,0,22,0,0,0,0,0,0,0,0,123,0,0,0,0,0,0,0,0,193,0,0,0,0,0,0,0,0,0,epithelium
0,0,0,0,0,0,0,0,0,108,0,0,0,0,0,0,0,0,148,0,0,0,0,0,0,0,0,213,0,0,0,0,0,0,0,0,32,0,0,0,0,0,0,0,0,240,0,0,0,0,0,0,0,0,182,0,0,0,0,0,0,0,0,14,epithelium
7,0,0,0,0,0,0,0,0,95,0,0,0,0,0,0,0,0,96,0,0,0,0,0,0,0,0,40,0,0,0,0,0,0,0,0,109,0,0,0,0,0,0,0,0,126,0,0,0,0,0,0,0,0,78,0,0,0,0,0,0,0,0,93,epithelium
0,0,0,0,0,0,0,0,0,134,0,0,0,0,0,0,0,0,242,0,0,0,0,0,0,0,0,66,0,0,0,0,0,0,0,0,58,0,0,0,0,0,0,0,0,78,0,0,0,0,0,0,0,0,39,0,0,0,0,0,0,0,0,245,epithelium
0,0,0,0,0,0,0,0,0,74,0,0,0,0,0,0,0,0,50,0,0,0,0,0,0,0,0,92,0,0,0,0,0,0,0,0,93,0,0,0,0,0,0,0,0,146,0,0,0,0,0,0,0,0,75,0,0,0,0,0,0,0,0,55,epithelium
21,0,0,0,0,0,0,0,0,72,0,0,0,0,0,0,0,0,161,0,0,0,0,0,0,0,0,195,0,0,0,0,0,0,0,0,25,0,0,0,0,0,0,0,0,124,0,0,0,0,0,0,0,0,17,0,0,0,0,0,0,0,0,237,epithelium
0,0,0,0,0,0,0,0,0,241,0,0,0,0,0,0,0,0,171,0,0,0,0,0,0,0,0,14,0,0,0,0,0,0,0,0,218,0,0,0,0,0,0,0,0,229,0,0,0,0,0,0,0,0,0,0,0,0,0,0,0,0,0,0,epithelium
6,0,0,0,0,0,0,0,0,60,0,0,0,0,0,0,0,0,164,0,0,0,0,0,0,0,0,155,0,0,0,0,0,0,0,0,236,0,0,0,0,0,0,0,0,204,0,0,0,0,0,0,0,0,103,0,0,0,0,0,0,0,0,66,epithelium
0,0,0,0,0,0,0,0,0,166,0,0,0,0,0,0,0,0,90,0,0,0,0,0,0,0,0,227,0,0,0,0,0,0,0,0,204,0,0,0,0,0,0,0,0,39,0,0,0,0,0,0,0,0,42,0,0,0,0,0,0,0,0,0,epithelium
15,0,0,0,0,0,0,0,0,0,0,0,0,0,0,0,0,0,169,0,0,0,0,0,0,0,0,6,0,0,0,0,0,0,0,0,240,0,0,0,0,0,0,0,0,196,0,0,0,0,0,0,0,0,7,0,0,0,0,0,0,0,0,0,epithelium
0,0,0,0,0,0,0,0,0,203,0,0,0,0,0,0,0,0,42,0,0,0,0,0,0,0,0,235,0,0,0,0,0,0,0,0,111,0,0,0,0,0,0,0,0,163,0,0,0,0,0,0,0,0,0,0,0,0,0,0,0,0,0,0,epithelium
0,0,0,0,0,0,0,0,0,201,0,0,0,0,0,0,0,0,216,0,0,0,0,0,0,0,0,240,0,0,0,0,0,0,0,0,74,0,0,0,0,0,0,0,0,215,0,0,0,0,0,0,0,0,201,0,0,0,0,0,0,0,0,161,epithelium
43,0,0,0,0,0,0,0,0,243,0,0,0,0,0,0,0,0,196,0,0,0,0,0,0,0,0,177,0,0,0,0,0,0,0,0,143,0,0,0,0,0,0,0,0,140,0,0,0,0,0,0,0,0,135,0,0,0,0,0,0,0,0,79,epithelium
0,0,0,0,0,0,0,0,0,78,0,0,0,0,0,0,0,0,34,0,0,0,0,0,0,0,0,217,0,0,0,0,0,0,0,0,46,0,0,0,0,0,0,0,0,147,0,0,0,0,0,0,0,0,216,0,0,0,0,0,0,0,0,191,epithelium
9,0,0,0,0,0,0,0,0,30,0,0,0,0,0,0,0,0,18,0,0,0,0,0,0,0,0,103,0,0,0,0,0,0,0,0,234,0,0,0,0,0,0,0,0,210,0,0,0,0,0,0,0,0,0,0,0,0,0,0,0,0,0,0,epithelium
3,0,0,0,0,0,0,0,0,145,0,0,0,0,0,0,0,0,189,0,0,0,0,0,0,0,0,164,0,0,0,0,0,0,0,0,234,0,0,0,0,0,0,0,0,43,0,0,0,0,0,0,0,0,182,0,0,0,0,0,0,0,0,0,epithelium
0,0,0,0,0,0,0,0,0,32,0,0,0,0,0,0,0,0,223,0,0,0,0,0,0,0,0,45,0,0,0,0,0,0,0,0,195,0,0,0,0,0,0,0,0,45,0,0,0,0,0,0,0,0,0,0,0,0,0,0,0,0,0,0,epithelium
0,0,0,0,0,0,0,0,0,34,0,0,0,0,0,0,0,0,251,0,0,0,0,0,0,0,0,111,0,0,0,0,0,0,0,0,56,0,0,0,0,0,0,0,0,163,0,0,0,0,0,0,0,0,2,0,0,0,0,0,0,0,0,0,epithelium
0,0,0,0,0,0,0,0,0,8,0,0,0,0,0,0,0,0,51,0,0,0,0,0,0,0,0,38,0,0,0,0,0,0,0,0,192,0,0,0,0,0,0,0,0,178,0,0,0,0,0,0,0,0,95,0,0,0,0,0,0,0,0,94,epithelium
0,0,0,0,0,0,0,0,0,195,0,0,0,0,0,0,0,0,247,0,0,0,0,0,0,0,0,178,0,0,0,0,0,0,0,0,238,0,0,0,0,0,0,0,0,28,0,0,0,0,0,0,0,0,113,0,0,0,0,0,0,0,0,202,epithelium
0,0,0,0,0,0,0,0,0,179,0,0,0,0,0,0,0,0,219,0,0,0,0,0,0,0,0,31,0,0,0,0,0,0,0,0,150,0,0,0,0,0,0,0,0,239,0,0,0,0,0,0,0,0,0,0,0,0,0,0,0,0,0,0,epithelium
4,0,0,0,0,0,0,0,0,56,0,0,0,0,0,0,0,0,138,0,0,0,0,0,0,0,0,185,0,0,0,0,0,0,0,0,39,0,0,0,0,0,0,0,0,113,0,0,0,0,0,0,0,0,67,0,0,0,0,0,0,0,0,92,epithelium
0,0,0,0,0,0,0,0,0,57,0,0,0,0,0,0,0,0,2,0,0,0,0,0,0,0,0,198,0,0,0,0,0,0,0,0,80,0,0,0,0,0,0,0,0,24,0,0,0,0,0,0,0,0,0,0,0,0,0,0,0,0,0,0,epithelium
0,0,0,0,0,0,0,0,0,240,0,0,0,0,0,0,0,0,208,0,0,0,0,0,0,0,0,21,0,0,0,0,0,0,0,0,144,0,0,0,0,0,0,0,0,96,0,0,0,0,0,0,0,0,124,0,0,0,0,0,0,0,0,0,epithelium
0,0,0,0,0,0,0,0,0,95,0,0,0,0,0,0,0,0,210,0,0,0,0,0,0,0,0,137,0,0,0,0,0,0,0,0,124,0,0,0,0,0,0,0,0,228,0,0,0,0,0,0,0,0,42,0,0,0,0,0,0,0,0,0,epithelium
0,0,0,0,0,0,0,0,0,101,0,0,0,0,0,0,0,0,202,0,0,0,0,0,0,0,0,100,0,0,0,0,0,0,0,0,193,0,0,0,0,0,0,0,0,95,0,0,0,0,0,0,0,0,52,0,0,0,0,0,0,0,0,15,epithelium
0,0,0,0,0,0,0,0,0,85,0,0,0,0,0,0,0,0,92,0,0,0,0,0,0,0,0,72,0,0,0,0,0,0,0,0,216,0,0,0,0,0,0,0,0,98,0,0,0,0,0,0,0,0,66,0,0,0,0,0,0,0,0,55,epithelium
0,0,0,0,0,0,0,0,0,6,0,0,0,0,0,0,0,0,123,0,0,0,0,0,0,0,0,68,0,0,0,0,0,0,0,0,238,0,0,0,0,0,0,0,0,7,0,0,0,0,0,0,0,0,76,0,0,0,0,0,0,0,0,58,epithelium
0,0,0,0,0,0,0,0,0,174,0,0,0,0,0,0,0,0,98,0,0,0,0,0,0,0,0,76,0,0,0,0,0,0,0,0,111,0,0,0,0,0,0,0,0,97,0,0,0,0,0,0,0,0,64,0,0,0,0,0,0,0,0,36,epithelium
0,0,0,0,0,0,0,0,0,121,0,0,0,0,0,0,0,0,67,0,0,0,0,0,0,0,0,138,0,0,0,0,0,0,0,0,68,0,0,0,0,0,0,0,0,209,0,0,0,0,0,0,0,0,212,0,0,0,0,0,0,0,0,125,epithelium
0,0,0,0,0,0,0,0,0,127,0,0,0,0,0,0,0,0,138,0,0,0,0,0,0,0,0,135,0,0,0,0,0,0,0,0,158,0,0,0,0,0,0,0,0,10,0,0,0,0,0,0,0,0,8,0,0,0,0,0,0,0,0,0,epithelium
0,0,0,0,0,0,0,0,0,77,0,0,0,0,0,0,0,0,113,0,0,0,0,0,0,0,0,205,0,0,0,0,0,0,0,0,138,0,0,0,0,0,0,0,0,62,0,0,0,0,0,0,0,0,29,0,0,0,0,0,0,0,0,208,epithelium
0,0,0,0,0,0,0,0,0,125,0,0,0,0,0,0,0,0,96,0,0,0,0,0,0,0,0,68,0,0,0,0,0,0,0,0,173,0,0,0,0,0,0,0,0,45,0,0,0,0,0,0,0,0,49,0,0,0,0,0,0,0,0,0,epithelium
0,0,0,0,0,0,0,0,0,159,0,0,0,0,0,0,0,0,31,0,0,0,0,0,0,0,0,68,0,0,0,0,0,0,0,0,173,0,0,0,0,0,0,0,0,149,0,0,0,0,0,0,0,0,111,0,0,0,0,0,0,0,0,182,epithelium
0,0,0,0,0,0,0,0,0,77,0,0,0,0,0,0,0,0,188,0,0,0,0,0,0,0,0,81,0,0,0,0,0,0,0,0,38,0,0,0,0,0,0,0,0,72,0,0,0,0,0,0,0,0,215,0,0,0,0,0,0,0,0,87,epithelium
0,0,0,0,0,0,0,0,0,201,0,0,0,0,0,0,0,0,240,0,0,0,0,0,0,0,0,175,0,0,0,0,0,0,0,0,127,0,0,0,0,0,0,0,0,109,0,0,0,0,0,0,0,0,218,0,0,0,0,0,0,0,0,19,epithelium
0,0,0,0,0,0,0,0,0,99,0,0,0,0,0,0,0,0,125,0,0,0,0,0,0,0,0,238,0,0,0,0,0,0,0,0,111,0,0,0,0,0,0,0,0,180,0,0,0,0,0,0,0,0,159,0,0,0,0,0,0,0,0,0,epithelium
0,0,0,0,0,0,0,0,0,24,0,0,0,0,0,0,0,0,135,0,0,0,0,0,0,0,0,108,0,0,0,0,0,0,0,0,182,0,0,0,0,0,0,0,0,49,0,0,0,0,0,0,0,0,112,0,0,0,0,0,0,0,0,0,epithelium
0,0,0,0,0,0,0,0,0,137,0,0,0,0,0,0,0,0,87,0,0,0,0,0,0,0,0,133,0,0,0,0,0,0,0,0,34,0,0,0,0,0,0,0,0,9,0,0,0,0,0,0,0,0,0,0,0,0,0,0,0,0,0,0,epithelium
0,0,0,0,0,0,0,0,0,232,0,0,0,0,0,0,0,0,136,0,0,0,0,0,0,0,0,69,0,0,0,0,0,0,0,0,135,0,0,0,0,0,0,0,0,228,0,0,0,0,0,0,0,0,39,0,0,0,0,0,0,0,0,2,epithelium
0,0,0,0,0,0,0,0,0,0,0,0,0,0,0,0,0,0,182,0,0,0,0,0,0,0,0,198,0,0,0,0,0,0,0,0,77,0,0,0,0,0,0,0,0,82,0,0,0,0,0,0,0,0,94,0,0,0,0,0,0,0,0,23,epithelium
0,0,0,0,0,0,0,0,0,4,0,0,0,0,0,0,0,0,178,0,0,0,0,0,0,0,0,109,0,0,0,0,0,0,0,0,70,0,0,0,0,0,0,0,0,22,0,0,0,0,0,0,0,0,119,0,0,0,0,0,0,0,0,0,epithelium
0,0,0,0,0,0,0,0,0,18,0,0,0,0,0,0,0,0,157,0,0,0,0,0,0,0,0,22,0,0,0,0,0,0,0,0,54,0,0,0,0,0,0,0,0,209,0,0,0,0,0,0,0,0,228,0,0,0,0,0,0,0,0,204,epithelium
0,0,0,0,0,0,0,0,0,157,0,0,0,0,0,0,0,0,211,0,0,0,0,0,0,0,0,220,0,0,0,0,0,0,0,0,213,0,0,0,0,0,0,0,0,34,0,0,0,0,0,0,0,0,70,0,0,0,0,0,0,0,0,35,epithelium
0,0,0,0,0,0,0,0,0,172,0,0,0,0,0,0,0,0,168,0,0,0,0,0,0,0,0,75,0,0,0,0,0,0,0,0,146,0,0,0,0,0,0,0,0,223,0,0,0,0,0,0,0,0,57,0,0,0,0,0,0,0,0,0,epithelium
0,0,0,0,0,0,0,0,0,27,0,0,0,0,0,0,0,0,110,0,0,0,0,0,0,0,0,225,0,0,0,0,0,0,0,0,11,0,0,0,0,0,0,0,0,230,0,0,0,0,0,0,0,0,66,0,0,0,0,0,0,0,0,223,epithelium
0,0,0,0,0,0,0,0,0,97,0,0,0,0,0,0,0,0,92,0,0,0,0,0,0,0,0,31,0,0,0,0,0,0,0,0,213,0,0,0,0,0,0,0,0,57,0,0,0,0,0,0,0,0,47,0,0,0,0,0,0,0,0,0,epithelium
0,0,0,0,0,0,0,0,0,233,0,0,0,0,0,0,0,0,152,0,0,0,0,0,0,0,0,158,0,0,0,0,0,0,0,0,173,0,0,0,0,0,0,0,0,24,0,0,0,0,0,0,0,0,145,0,0,0,0,0,0,0,0,207,epithelium
0,0,0,0,0,0,0,0,0,5,0,0,0,0,0,0,0,0,80,0,0,0,0,0,0,0,0,239,0,0,0,0,0,0,0,0,43,0,0,0,0,0,0,0,0,51,0,0,0,0,0,0,0,0,2,0,0,0,0,0,0,0,0,0,epithelium
0,0,0,0,0,0,0,0,0,14,0,0,0,0,0,0,0,0,255,0,0,0,0,0,0,0,0,120,0,0,0,0,0,0,0,0,14,0,0,0,0,0,0,0,0,36,0,0,0,0,0,0,0,0,145,0,0,0,0,0,0,0,0,233,epithelium
0,0,0,0,0,0,0,0,0,228,0,0,0,0,0,0,0,0,187,0,0,0,0,0,0,0,0,176,0,0,0,0,0,0,0,0,170,0,0,0,0,0,0,0,0,128,0,0,0,0,0,0,0,0,178,0,0,0,0,0,0,0,0,6,epithelium
0,0,0,0,0,0,0,0,0,55,0,0,0,0,0,0,0,0,199,0,0,0,0,0,0,0,0,191,0,0,0,0,0,0,0,0,202,0,0,0,0,0,0,0,0,21,0,0,0,0,0,0,0,0,221,0,0,0,0,0,0,0,0,88,epithelium
0,0,0,0,0,0,0,0,0,78,0,0,0,0,0,0,0,0,11,0,0,0,0,0,0,0,0,116,0,0,0,0,0,0,0,0,101,0,0,0,0,0,0,0,0,244,0,0,0,0,0,0,0,0,215,0,0,0,0,0,0,0,0,103,epithelium
0,0,0,0,0,0,0,0,0,80,0,0,0,0,0,0,0,0,65,0,0,0,0,0,0,0,0,17,0,0,0,0,0,0,0,0,82,0,0,0,0,0,0,0,0,57,0,0,0,0,0,0,0,0,241,0,0,0,0,0,0,0,0,99,epithelium
0,0,0,0,0,0,0,0,0,154,0,0,0,0,0,0,0,0,199,0,0,0,0,0,0,0,0,57,0,0,0,0,0,0,0,0,218,0,0,0,0,0,0,0,0,62,0,0,0,0,0,0,0,0,178,0,0,0,0,0,0,0,0,0,epithelium
0,0,0,0,0,0,0,0,0,19,0,0,0,0,0,0,0,0,217,0,0,0,0,0,0,0,0,164,0,0,0,0,0,0,0,0,202,0,0,0,0,0,0,0,0,34,0,0,0,0,0,0,0,0,147,0,0,0,0,0,0,0,0,34,epithelium
0,0,0,0,0,0,0,0,0,232,0,0,0,0,0,0,0,0,28,0,0,0,0,0,0,0,0,28,0,0,0,0,0,0,0,0,156,0,0,0,0,0,0,0,0,77,0,0,0,0,0,0,0,0,120,0,0,0,0,0,0,0,0,0,epithelium
0,0,0,0,0,0,0,0,0,43,0,0,0,0,0,0,0,0,103,0,0,0,0,0,0,0,0,59,0,0,0,0,0,0,0,0,133,0,0,0,0,0,0,0,0,193,0,0,0,0,0,0,0,0,48,0,0,0,0,0,0,0,0,62,epithelium
0,0,0,0,0,0,0,0,0,111,0,0,0,0,0,0,0,0,117,0,0,0,0,0,0,0,0,51,0,0,0,0,0,0,0,0,238,0,0,0,0,0,0,0,0,131,0,0,0,0,0,0,0,0,146,0,0,0,0,0,0,0,0,118,epithelium
0,0,0,0,0,0,0,0,0,149,0,0,0,0,0,0,0,0,115,0,0,0,0,0,0,0,0,216,0,0,0,0,0,0,0,0,216,0,0,0,0,0,0,0,0,21,0,0,0,0,0,0,0,0,86,0,0,0,0,0,0,0,0,94,epithelium
0,0,0,0,0,0,0,0,0,134,0,0,0,0,0,0,0,0,62,0,0,0,0,0,0,0,0,180,0,0,0,0,0,0,0,0,255,0,0,0,0,0,0,0,0,241,0,0,0,0,0,0,0,0,239,0,0,0,0,0,0,0,0,77,epithelium
0,0,0,0,0,0,0,0,0,92,0,0,0,0,0,0,0,0,176,0,0,0,0,0,0,0,0,14,0,0,0,0,0,0,0,0,87,0,0,0,0,0,0,0,0,13,0,0,0,0,0,0,0,0,204,0,0,0,0,0,0,0,0,55,epithelium
0,0,0,0,0,0,0,0,0,98,0,0,0,0,0,0,0,0,200,0,0,0,0,0,0,0,0,21,0,0,0,0,0,0,0,0,29,0,0,0,0,0,0,0,0,62,0,0,0,0,0,0,0,0,118,0,0,0,0,0,0,0,0,116,epithelium
0,0,0,0,0,0,0,0,0,214,0,0,0,0,0,0,0,0,171,0,0,0,0,0,0,0,0,82,0,0,0,0,0,0,0,0,240,0,0,0,0,0,0,0,0,164,0,0,0,0,0,0,0,0,242,0,0,0,0,0,0,0,0,40,epithelium
0,0,0,0,0,0,0,0,0,63,0,0,0,0,0,0,0,0,88,0,0,0,0,0,0,0,0,80,0,0,0,0,0,0,0,0,131,0,0,0,0,0,0,0,0,154,0,0,0,0,0,0,0,0,109,0,0,0,0,0,0,0,0,185,epithelium
0,0,0,0,0,0,0,0,0,108,0,0,0,0,0,0,0,0,19,0,0,0,0,0,0,0,0,250,0,0,0,0,0,0,0,0,131,0,0,0,0,0,0,0,0,100,0,0,0,0,0,0,0,0,244,0,0,0,0,0,0,0,0,16,epithelium
0,0,0,0,0,0,0,0,0,82,0,0,0,0,0,0,0,0,61,0,0,0,0,0,0,0,0,40,0,0,0,0,0,0,0,0,72,0,0,0,0,0,0,0,0,104,0,0,0,0,0,0,0,0,13,0,0,0,0,0,0,0,0,28,epithelium
0,0,0,0,0,0,0,0,0,99,0,0,0,0,0,0,0,0,78,0,0,0,0,0,0,0,0,14,0,0,0,0,0,0,0,0,15,0,0,0,0,0,0,0,0,54,0,0,0,0,0,0,0,0,60,0,0,0,0,0,0,0,0,228,epithelium
0,0,0,0,0,0,0,0,0,0,0,0,0,0,0,0,0,0,162,0,0,0,0,0,0,0,0,27,0,0,0,0,0,0,0,0,227,0,0,0,0,0,0,0,0,18,0,0,0,0,0,0,0,0,206,0,0,0,0,0,0,0,0,1,epithelium
0,0,0,0,0,0,0,0,0,161,0,0,0,0,0,0,0,0,199,0,0,0,0,0,0,0,0,49,0,0,0,0,0,0,0,0,228,0,0,0,0,0,0,0,0,84,0,0,0,0,0,0,0,0,0,0,0,0,0,0,0,0,0,0,epithelium
0,0,0,0,0,0,0,0,0,98,0,0,0,0,0,0,0,0,49,0,0,0,0,0,0,0,0,91,0,0,0,0,0,0,0,0,200,0,0,0,0,0,0,0,0,153,0,0,0,0,0,0,0,0,0,0,0,0,0,0,0,0,0,85,epithelium
0,0,0,0,0,0,0,0,0,93,0,0,0,0,0,0,0,0,38,0,0,0,0,0,0,0,0,230,0,0,0,0,0,0,0,0,131,0,0,0,0,0,0,0,0,8,0,0,0,0,0,0,0,0,85,0,0,0,0,0,0,0,0,91,epithelium
0,0,0,0,0,0,0,0,0,72,0,0,0,0,0,0,0,0,189,0,0,0,0,0,0,0,0,233,0,0,0,0,0,0,0,0,153,0,0,0,0,0,0,0,0,25,0,0,0,0,0,0,0,0,71,0,0,0,0,0,0,0,0,58,epithelium
0,0,0,0,0,0,0,0,0,248,0,0,0,0,0,0,0,0,70,0,0,0,0,0,0,0,0,62,0,0,0,0,0,0,0,0,20,0,0,0,0,0,0,0,0,75,0,0,0,0,0,0,0,0,187,0,0,0,0,0,0,0,0,170,epithelium
0,0,0,0,0,0,0,0,0,0,0,0,0,0,0,0,0,0,15,0,0,0,0,0,0,0,0,32,0,0,0,0,0,0,0,0,242,0,0,0,0,0,0,0,0,53,0,0,0,0,0,0,0,0,137,0,0,0,0,0,0,0,0,201,epithelium
0,0,0,0,0,0,0,0,0,0,0,0,0,0,0,0,0,0,248,0,0,0,0,0,0,0,0,253,0,0,0,0,0,0,0,0,190,0,0,0,0,0,0,0,0,40,0,0,0,0,0,0,0,0,89,0,0,0,0,0,0,0,0,12,epithelium
0,0,0,0,0,0,0,0,0,14,0,0,0,0,0,0,0,0,50,0,0,0,0,0,0,0,0,37,0,0,0,0,0,0,0,0,22,0,0,0,0,0,0,0,0,117,0,0,0,0,0,0,0,0,186,0,0,0,0,0,0,0,0,102,epithelium
0,0,0,0,0,0,0,0,0,133,0,0,0,0,0,0,0,0,23,0,0,0,0,0,0,0,0,220,0,0,0,0,0,0,0,0,96,0,0,0,0,0,0,0,0,248,0,0,0,0,0,0,0,0,109,0,0,0,0,0,0,0,0,204,epithelium
0,0,0,0,0,0,0,0,0,188,0,0,0,0,0,0,0,0,73,0,0,0,0,0,0,0,0,11,0,0,0,0,0,0,0,0,75,0,0,0,0,0,0,0,0,186,0,0,0,0,0,0,0,0,244,0,0,0,0,0,0,0,0,232,epithelium
0,0,0,0,0,0,0,0,0,103,0,0,0,0,0,0,0,0,206,0,0,0,0,0,0,0,0,85,0,0,0,0,0,0,0,0,222,0,0,0,0,0,0,0,0,98,0,0,0,0,0,0,0,0,186,0,0,0,0,0,0,0,0,85,epithelium
124,0,0,0,0,0,0,0,0,187,0,0,0,0,0,0,0,0,250,0,0,0,0,0,0,0,0,191,0,0,0,0,0,0,0,0,70,0,0,0,0,0,0,0,0,59,0,0,0,0,0,0,0,0,141,0,0,0,0,0,0,0,0,6,epithelium
0,0,0,0,0,0,0,0,0,9,0,0,0,0,0,0,0,0,109,0,0,0,0,0,0,0,0,83,0,0,0,0,0,0,0,0,34,0,0,0,0,0,0,0,0,134,0,0,0,0,0,0,0,0,244,0,0,0,0,0,0,0,0,244,epithelium
0,0,0,0,0,0,0,0,0,0,0,0,0,0,0,0,0,0,210,0,0,0,0,0,0,0,0,243,0,0,0,0,0,0,0,0,42,0,0,0,0,0,0,0,0,62,0,0,0,0,0,0,0,0,144,0,0,0,0,0,0,0,0,228,epithelium
0,0,0,0,0,0,0,0,0,175,0,0,0,0,0,0,0,0,224,0,0,0,0,0,0,0,0,208,0,0,0,0,0,0,0,0,153,0,0,0,0,0,0,0,0,80,0,0,0,0,0,0,0,0,126,0,0,0,0,0,0,0,0,184,epithelium
0,0,0,0,0,0,0,0,0,50,0,0,0,0,0,0,0,0,144,0,0,0,0,0,0,0,0,237,0,0,0,0,0,0,0,0,193,0,0,0,0,0,0,0,0,233,0,0,0,0,0,0,0,0,74,0,0,0,0,0,0,0,0,157,epithelium
0,0,0,0,0,0,0,0,0,0,0,0,0,0,0,0,0,0,56,0,0,0,0,0,0,0,0,121,0,0,0,0,0,0,0,0,32,0,0,0,0,0,0,0,0,136,0,0,0,0,0,0,0,0,78,0,0,0,0,0,0,0,0,119,epithelium
0,0,0,0,0,0,0,0,0,114,0,0,0,0,0,0,0,0,87,0,0,0,0,0,0,0,0,79,0,0,0,0,0,0,0,0,71,0,0,0,0,0,0,0,0,227,0,0,0,0,0,0,0,0,213,0,0,0,0,0,0,0,0,203,epithelium
0,0,0,0,0,0,0,0,0,63,0,0,0,0,0,0,0,0,240,0,0,0,0,0,0,0,0,148,0,0,0,0,0,0,0,0,112,0,0,0,0,0,0,0,0,10,0,0,0,0,0,0,0,0,6,0,0,0,0,0,0,0,0,254,epithelium
0,0,0,0,0,0,0,0,0,167,0,0,0,0,0,0,0,0,195,0,0,0,0,0,0,0,0,170,0,0,0,0,0,0,0,0,128,0,0,0,0,0,0,0,0,29,0,0,0,0,0,0,0,0,238,0,0,0,0,0,0,0,0,223,epithelium
0,0,0,0,0,0,0,0,0,0,0,0,0,0,0,0,0,0,72,0,0,0,0,0,0,0,0,116,0,0,0,0,0,0,0,0,34,0,0,0,0,0,0,0,0,158,0,0,0,0,0,0,0,0,140,0,0,0,0,0,0,0,0,153,epithelium
0,0,0,0,0,0,0,0,0,129,0,0,0,0,0,0,0,0,89,0,0,0,0,0,0,0,0,87,0,0,0,0,0,0,0,0,233,0,0,0,0,0,0,0,0,251,0,0,0,0,0,0,0,0,44,0,0,0,0,0,0,0,0,61,epithelium
0,0,0,0,0,0,0,0,0,0,0,0,0,0,0,0,0,0,164,0,0,0,0,0,0,0,0,66,0,0,0,0,0,0,0,0,63,0,0,0,0,0,0,0,0,62,0,0,0,0,0,0,0,0,188,0,0,0,0,0,0,0,0,83,epithelium
0,0,0,0,0,0,0,0,0,0,0,0,0,0,0,0,0,0,119,0,0,0,0,0,0,0,0,186,0,0,0,0,0,0,0,0,222,0,0,0,0,0,0,0,0,133,0,0,0,0,0,0,0,0,163,0,0,0,0,0,0,0,0,205,epithelium
0,0,0,0,0,0,0,0,0,0,0,0,0,0,0,0,0,0,218,0,0,0,0,0,0,0,0,113,0,0,0,0,0,0,0,0,2,0,0,0,0,0,0,0,0,11,0,0,0,0,0,0,0,0,38,0,0,0,0,0,0,0,0,194,epithelium
0,0,0,0,0,0,0,0,0,40,0,0,0,0,0,0,0,0,205,0,0,0,0,0,0,0,0,143,0,0,0,0,0,0,0,0,182,0,0,0,0,0,0,0,0,162,0,0,0,0,0,0,0,0,110,0,0,0,0,0,0,0,0,15,epithelium
0,0,0,0,0,0,0,0,0,0,0,0,0,0,0,0,0,0,166,0,0,0,0,0,0,0,0,238,0,0,0,0,0,0,0,0,78,0,0,0,0,0,0,0,0,232,0,0,0,0,0,0,0,0,57,0,0,0,0,0,0,0,0,238,epithelium
0,0,0,0,0,0,0,0,0,36,0,0,0,0,0,0,0,0,153,0,0,0,0,0,0,0,0,12,0,0,0,0,0,0,0,0,81,0,0,0,0,0,0,0,0,77,0,0,0,0,0,0,0,0,85,0,0,0,0,0,0,0,0,84,epithelium
0,0,0,0,0,0,0,0,0,246,0,0,0,0,0,0,0,0,83,0,0,0,0,0,0,0,0,9,0,0,0,0,0,0,0,0,48,0,0,0,0,0,0,0,0,102,0,0,0,0,0,0,0,0,250,0,0,0,0,0,0,0,0,0,epithelium
0,0,0,0,0,0,0,0,0,67,0,0,0,0,0,0,0,0,110,0,0,0,0,0,0,0,0,9,0,0,0,0,0,0,0,0,30,0,0,0,0,0,0,0,0,100,0,0,0,0,0,0,0,0,120,0,0,0,0,0,0,0,0,22,epithelium
0,0,0,0,0,0,0,0,0,11,0,0,0,0,0,0,0,0,36,0,0,0,0,0,0,0,0,222,0,0,0,0,0,0,0,0,214,0,0,0,0,0,0,0,0,79,0,0,0,0,0,0,0,0,217,0,0,0,0,0,0,0,0,153,epithelium
0,0,0,0,0,0,0,0,0,23,0,0,0,0,0,0,0,0,186,0,0,0,0,0,0,0,0,115,0,0,0,0,0,0,0,0,250,0,0,0,0,0,0,0,0,68,0,0,0,0,0,0,0,0,253,0,0,0,0,0,0,0,0,145,epithelium
0,0,0,0,0,0,0,0,0,0,0,0,0,0,0,0,0,0,140,0,0,0,0,0,0,0,0,174,0,0,0,0,0,0,0,0,93,0,0,0,0,0,0,0,0,198,0,0,0,0,0,0,0,0,236,0,0,0,0,0,0,0,0,200,epithelium
0,0,0,0,0,0,0,0,0,0,0,0,0,0,0,0,0,0,21,0,0,0,0,0,0,0,0,119,0,0,0,0,0,0,0,0,197,0,0,0,0,0,0,0,0,251,0,0,0,0,0,0,0,0,138,0,0,0,0,0,0,0,0,203,epithelium
0,0,0,0,0,0,0,0,0,126,0,0,0,0,0,0,0,0,87,0,0,0,0,0,0,0,0,197,0,0,0,0,0,0,0,0,80,0,0,0,0,0,0,0,0,182,0,0,0,0,0,0,0,0,0,0,0,0,0,0,0,0,0,0,epithelium
0,0,0,0,0,0,0,0,0,0,0,0,0,0,0,0,0,0,223,0,0,0,0,0,0,0,0,24,0,0,0,0,0,0,0,0,39,0,0,0,0,0,0,0,0,71,0,0,0,0,0,0,0,0,128,0,0,0,0,0,0,0,0,191,epithelium
0,0,0,0,0,0,0,0,0,0,0,0,0,0,0,0,0,0,237,0,0,0,0,0,0,0,0,183,0,0,0,0,0,0,0,0,81,0,0,0,0,0,0,0,0,238,0,0,0,0,0,0,0,0,190,0,0,0,0,0,0,0,0,95,epithelium
0,0,0,0,0,0,0,0,0,126,0,0,0,0,0,0,0,0,61,0,0,0,0,0,0,0,0,148,0,0,0,0,0,0,0,0,97,0,0,0,0,0,0,0,0,234,0,0,0,0,0,0,0,0,39,0,0,0,0,0,0,0,0,181,epithelium
0,0,0,0,0,0,0,0,0,176,0,0,0,0,0,0,0,0,128,0,0,0,0,0,0,0,0,146,0,0,0,0,0,0,0,0,165,0,0,0,0,0,0,0,0,237,0,0,0,0,0,0,0,0,193,0,0,0,0,0,0,0,0,233,epithelium
0,0,0,0,0,0,0,0,0,23,0,0,0,0,0,0,0,0,84,0,0,0,0,0,0,0,0,216,0,0,0,0,0,0,0,0,164,0,0,0,0,0,0,0,0,12,0,0,0,0,0,0,0,0,152,0,0,0,0,0,0,0,0,206,epithelium
0,0,0,0,0,0,0,0,0,101,0,0,0,0,0,0,0,0,76,0,0,0,0,0,0,0,0,76,0,0,0,0,0,0,0,0,19,0,0,0,0,0,0,0,0,213,0,0,0,0,0,0,0,0,221,0,0,0,0,0,0,0,0,76,epithelium
0,0,0,0,0,0,0,0,0,82,0,0,0,0,0,0,0,0,26,0,0,0,0,0,0,0,0,222,0,0,0,0,0,0,0,0,195,0,0,0,0,0,0,0,0,90,0,0,0,0,0,0,0,0,153,0,0,0,0,0,0,0,0,57,epithelium
0,0,0,0,0,0,0,0,0,228,0,0,0,0,0,0,0,0,129,0,0,0,0,0,0,0,0,228,0,0,0,0,0,0,0,0,0,0,0,0,0,0,0,0,0,168,0,0,0,0,0,0,0,0,83,0,0,0,0,0,0,0,0,0,epithelium
13,0,0,0,0,0,0,0,0,157,0,0,0,0,0,0,0,0,85,0,0,0,0,0,0,0,0,29,0,0,0,0,0,0,0,0,18,0,0,0,0,0,0,0,0,210,0,0,0,0,0,0,0,0,90,0,0,0,0,0,0,0,0,188,epithelium
0,0,0,0,0,0,0,0,0,44,0,0,0,0,0,0,0,0,161,0,0,0,0,0,0,0,0,108,0,0,0,0,0,0,0,0,34,0,0,0,0,0,0,0,0,134,0,0,0,0,0,0,0,0,227,0,0,0,0,0,0,0,0,0,epithelium
0,0,0,0,0,0,0,0,0,57,0,0,0,0,0,0,0,0,17,0,0,0,0,0,0,0,0,115,0,0,0,0,0,0,0,0,237,0,0,0,0,0,0,0,0,152,0,0,0,0,0,0,0,0,148,0,0,0,0,0,0,0,0,0,epithelium
0,0,0,0,0,0,0,0,0,0,0,0,0,0,0,0,0,0,67,0,0,0,0,0,0,0,0,156,0,0,0,0,0,0,0,0,239,0,0,0,0,0,0,0,0,24,0,0,0,0,0,0,0,0,71,0,0,0,0,0,0,0,0,213,epithelium
0,0,0,0,0,0,0,0,0,0,0,0,0,0,0,0,0,0,82,0,0,0,0,0,0,0,0,57,0,0,0,0,0,0,0,0,19,0,0,0,0,0,0,0,0,224,0,0,0,0,0,0,0,0,17,0,0,0,0,0,0,0,0,170,epithelium
0,0,0,0,0,0,0,0,0,177,0,0,0,0,0,0,0,0,165,0,0,0,0,0,0,0,0,96,0,0,0,0,0,0,0,0,75,0,0,0,0,0,0,0,0,159,0,0,0,0,0,0,0,0,4,0,0,0,0,0,0,0,0,0,epithelium
0,0,0,0,0,0,0,0,0,1,0,0,0,0,0,0,0,0,102,0,0,0,0,0,0,0,0,124,0,0,0,0,0,0,0,0,154,0,0,0,0,0,0,0,0,198,0,0,0,0,0,0,0,0,255,0,0,0,0,0,0,0,0,2,epithelium
0,0,0,0,0,0,0,0,0,0,0,0,0,0,0,0,0,0,69,0,0,0,0,0,0,0,0,237,0,0,0,0,0,0,0,0,177,0,0,0,0,0,0,0,0,165,0,0,0,0,0,0,0,0,114,0,0,0,0,0,0,0,0,7,epithelium
0,0,0,0,0,0,0,0,0,15,0,0,0,0,0,0,0,0,153,0,0,0,0,0,0,0,0,123,0,0,0,0,0,0,0,0,42,0,0,0,0,0,0,0,0,148,0,0,0,0,0,0,0,0,33,0,0,0,0,0,0,0,0,252,epithelium
0,0,0,0,0,0,0,0,0,53,0,0,0,0,0,0,0,0,239,0,0,0,0,0,0,0,0,95,0,0,0,0,0,0,0,0,194,0,0,0,0,0,0,0,0,78,0,0,0,0,0,0,0,0,89,0,0,0,0,0,0,0,0,165,epithelium
0,0,0,0,0,0,0,0,0,168,0,0,0,0,0,0,0,0,242,0,0,0,0,0,0,0,0,79,0,0,0,0,0,0,0,0,233,0,0,0,0,0,0,0,0,234,0,0,0,0,0,0,0,0,132,0,0,0,0,0,0,0,0,126,epithelium
0,0,0,0,0,0,0,0,0,0,0,0,0,0,0,0,0,0,47,0,0,0,0,0,0,0,0,184,0,0,0,0,0,0,0,0,230,0,0,0,0,0,0,0,0,243,0,0,0,0,0,0,0,0,79,0,0,0,0,0,0,0,0,209,epithelium
0,0,0,0,0,0,0,0,0,96,0,0,0,0,0,0,0,0,0,0,0,0,0,0,0,0,0,46,0,0,0,0,0,0,0,0,133,0,0,0,0,0,0,0,0,225,0,0,0,0,0,0,0,0,10,0,0,0,0,0,0,0,0,131,epithelium
0,0,0,0,0,0,0,0,0,97,0,0,0,0,0,0,0,0,205,0,0,0,0,0,0,0,0,220,0,0,0,0,0,0,0,0,140,0,0,0,0,0,0,0,0,143,0,0,0,0,0,0,0,0,255,0,0,0,0,0,0,0,0,28,epithelium
0,0,0,0,0,0,0,0,0,187,0,0,0,0,0,0,0,0,11,0,0,0,0,0,0,0,0,244,0,0,0,0,0,0,0,0,213,0,0,0,0,0,0,0,0,212,0,0,0,0,0,0,0,0,0,0,0,0,0,0,0,0,0,175,epithelium
0,0,0,0,0,0,0,0,0,18,0,0,0,0,0,0,0,0,11,0,0,0,0,0,0,0,0,223,0,0,0,0,0,0,0,0,87,0,0,0,0,0,0,0,0,37,0,0,0,0,0,0,0,0,104,0,0,0,0,0,0,0,0,0,epithelium
0,0,0,0,0,0,0,0,0,26,0,0,0,0,0,0,0,0,157,0,0,0,0,0,0,0,0,129,0,0,0,0,0,0,0,0,248,0,0,0,0,0,0,0,0,166,0,0,0,0,0,0,0,0,235,0,0,0,0,0,0,0,0,0,epithelium
0,0,0,0,0,0,0,0,0,146,0,0,0,0,0,0,0,0,252,0,0,0,0,0,0,0,0,137,0,0,0,0,0,0,0,0,32,0,0,0,0,0,0,0,0,103,0,0,0,0,0,0,0,0,188,0,0,0,0,0,0,0,0,0,epithelium
0,0,0,0,0,0,0,0,0,30,0,0,0,0,0,0,0,0,74,0,0,0,0,0,0,0,0,105,0,0,0,0,0,0,0,0,33,0,0,0,0,0,0,0,0,2,0,0,0,0,0,0,0,0,156,0,0,0,0,0,0,0,0,0,epithelium
0,0,0,0,0,0,0,0,0,119,0,0,0,0,0,0,0,0,4,0,0,0,0,0,0,0,0,233,0,0,0,0,0,0,0,0,236,0,0,0,0,0,0,0,0,139,0,0,0,0,0,0,0,0,23,0,0,0,0,0,0,0,0,39,epithelium
0,0,0,0,0,0,0,0,0,71,0,0,0,0,0,0,0,0,174,0,0,0,0,0,0,0,0,184,0,0,0,0,0,0,0,0,135,0,0,0,0,0,0,0,0,85,0,0,0,0,0,0,0,0,118,0,0,0,0,0,0,0,0,17,epithelium
0,0,0,0,0,0,0,0,0,160,0,0,0,0,0,0,0,0,102,0,0,0,0,0,0,0,0,39,0,0,0,0,0,0,0,0,35,0,0,0,0,0,0,0,0,58,0,0,0,0,0,0,0,0,183,0,0,0,0,0,0,0,0,0,epithelium
0,0,0,0,0,0,0,0,0,79,0,0,0,0,0,0,0,0,132,0,0,0,0,0,0,0,0,225,0,0,0,0,0,0,0,0,107,0,0,0,0,0,0,0,0,26,0,0,0,0,0,0,0,0,8,0,0,0,0,0,0,0,0,0,epithelium
0,0,0,0,0,0,0,0,0,195,0,0,0,0,0,0,0,0,232,0,0,0,0,0,0,0,0,19,0,0,0,0,0,0,0,0,182,0,0,0,0,0,0,0,0,19,0,0,0,0,0,0,0,0,183,0,0,0,0,0,0,0,0,2,epithelium
0,0,0,0,0,0,0,0,0,178,0,0,0,0,0,0,0,0,100,0,0,0,0,0,0,0,0,133,0,0,0,0,0,0,0,0,57,0,0,0,0,0,0,0,0,162,0,0,0,0,0,0,0,0,54,0,0,0,0,0,0,0,0,0,epithelium
27,0,0,0,0,0,0,0,0,241,0,0,0,0,0,0,0,0,232,0,0,0,0,0,0,0,0,66,0,0,0,0,0,0,0,0,79,0,0,0,0,0,0,0,0,198,0,0,0,0,0,0,0,0,28,0,0,0,0,0,0,0,0,218,epithelium
0,0,0,0,0,0,0,0,0,64,0,0,0,0,0,0,0,0,126,0,0,0,0,0,0,0,0,154,0,0,0,0,0,0,0,0,2,0,0,0,0,0,0,0,0,184,0,0,0,0,0,0,0,0,133,0,0,0,0,0,0,0,0,21,epithelium
0,0,0,0,0,0,0,0,0,58,0,0,0,0,0,0,0,0,139,0,0,0,0,0,0,0,0,224,0,0,0,0,0,0,0,0,191,0,0,0,0,0,0,0,0,216,0,0,0,0,0,0,0,0,12,0,0,0,0,0,0,0,0,0,epithelium
0,0,0,0,0,0,0,0,0,157,0,0,0,0,0,0,0,0,152,0,0,0,0,0,0,0,0,70,0,0,0,0,0,0,0,0,122,0,0,0,0,0,0,0,0,20,0,0,0,0,0,0,0,0,47,0,0,0,0,0,0,0,0,9,epithelium
0,0,0,0,0,0,0,0,0,116,0,0,0,0,0,0,0,0,222,0,0,0,0,0,0,0,0,128,0,0,0,0,0,0,0,0,33,0,0,0,0,0,0,0,0,225,0,0,0,0,0,0,0,0,253,0,0,0,0,0,0,0,0,8,epithelium
150,0,0,0,0,0,0,0,0,102,0,0,0,0,0,0,0,0,58,0,0,0,0,0,0,0,0,198,0,0,0,0,0,0,0,0,37,0,0,0,0,0,0,0,0,115,0,0,0,0,0,0,0,0,252,0,0,0,0,0,0,0,0,0,epithelium
0,0,0,0,0,0,0,0,0,81,0,0,0,0,0,0,0,0,76,0,0,0,0,0,0,0,0,185,0,0,0,0,0,0,0,0,136,0,0,0,0,0,0,0,0,141,0,0,0,0,0,0,0,0,234,0,0,0,0,0,0,0,0,59,epithelium
0,0,0,0,0,0,0,0,0,0,0,0,0,0,0,0,0,0,27,0,0,0,0,0,0,0,0,251,0,0,0,0,0,0,0,0,113,0,0,0,0,0,0,0,0,243,0,0,0,0,0,0,0,0,176,0,0,0,0,0,0,0,0,31,epithelium
0,0,0,0,0,0,0,0,0,182,0,0,0,0,0,0,0,0,162,0,0,0,0,0,0,0,0,255,0,0,0,0,0,0,0,0,202,0,0,0,0,0,0,0,0,32,0,0,0,0,0,0,0,0,0,0,0,0,0,0,0,0,0,0,epithelium
0,0,0,0,0,0,0,0,0,156,0,0,0,0,0,0,0,0,246,0,0,0,0,0,0,0,0,202,0,0,0,0,0,0,0,0,156,0,0,0,0,0,0,0,0,97,0,0,0,0,0,0,0,0,9,0,0,0,0,0,0,0,0,0,epithelium
8,0,0,0,0,0,0,0,0,227,0,0,0,0,0,0,0,0,46,0,0,0,0,0,0,0,0,163,0,0,0,0,0,0,0,0,98,0,0,0,0,0,0,0,0,167,0,0,0,0,0,0,0,0,124,0,0,0,0,0,0,0,0,0,epithelium
0,0,0,0,0,0,0,0,0,7,0,0,0,0,0,0,0,0,141,0,0,0,0,0,0,0,0,181,0,0,0,0,0,0,0,0,69,0,0,0,0,0,0,0,0,93,0,0,0,0,0,0,0,0,174,0,0,0,0,0,0,0,0,5,epithelium
0,0,0,0,0,0,0,0,0,91,0,0,0,0,0,0,0,0,157,0,0,0,0,0,0,0,0,115,0,0,0,0,0,0,0,0,179,0,0,0,0,0,0,0,0,76,0,0,0,0,0,0,0,0,174,0,0,0,0,0,0,0,0,193,epithelium
0,0,0,0,0,0,0,0,0,44,0,0,0,0,0,0,0,0,136,0,0,0,0,0,0,0,0,30,0,0,0,0,0,0,0,0,239,0,0,0,0,0,0,0,0,238,0,0,0,0,0,0,0,0,9,0,0,0,0,0,0,0,0,216,epithelium
0,0,0,0,0,0,0,0,0,62,0,0,0,0,0,0,0,0,196,0,0,0,0,0,0,0,0,0,0,0,0,0,0,0,0,0,129,0,0,0,0,0,0,0,0,100,0,0,0,0,0,0,0,0,83,0,0,0,0,0,0,0,0,71,epithelium
0,0,0,0,0,0,0,0,0,28,0,0,0,0,0,0,0,0,104,0,0,0,0,0,0,0,0,187,0,0,0,0,0,0,0,0,67,0,0,0,0,0,0,0,0,75,0,0,0,0,0,0,0,0,111,0,0,0,0,0,0,0,0,245,epithelium
0,0,0,0,0,0,0,0,0,0,0,0,0,0,0,0,0,0,212,0,0,0,0,0,0,0,0,197,0,0,0,0,0,0,0,0,238,0,0,0,0,0,0,0,0,135,0,0,0,0,0,0,0,0,81,0,0,0,0,0,0,0,0,37,epithelium
0,0,0,0,0,0,0,0,0,13,0,0,0,0,0,0,0,0,199,0,0,0,0,0,0,0,0,28,0,0,0,0,0,0,0,0,78,0,0,0,0,0,0,0,0,213,0,0,0,0,0,0,0,0,111,0,0,0,0,0,0,0,0,0,epithelium
0,0,0,0,0,0,0,0,0,32,0,0,0,0,0,0,0,0,74,0,0,0,0,0,0,0,0,219,0,0,0,0,0,0,0,0,229,0,0,0,0,0,0,0,0,100,0,0,0,0,0,0,0,0,25,0,0,0,0,0,0,0,0,146,epithelium
0,0,0,0,0,0,0,0,0,18,0,0,0,0,0,0,0,0,54,0,0,0,0,0,0,0,0,156,0,0,0,0,0,0,0,0,66,0,0,0,0,0,0,0,0,35,0,0,0,0,0,0,0,0,100,0,0,0,0,0,0,0,0,239,epithelium
0,0,0,0,0,0,0,0,0,53,0,0,0,0,0,0,0,0,37,0,0,0,0,0,0,0,0,159,0,0,0,0,0,0,0,0,177,0,0,0,0,0,0,0,0,141,0,0,0,0,0,0,0,0,89,0,0,0,0,0,0,0,0,0,epithelium
0,0,0,0,0,0,0,0,0,131,0,0,0,0,0,0,0,0,131,0,0,0,0,0,0,0,0,234,0,0,0,0,0,0,0,0,216,0,0,0,0,0,0,0,0,82,0,0,0,0,0,0,0,0,226,0,0,0,0,0,0,0,0,226,epithelium
0,0,0,0,0,0,0,0,0,20,0,0,0,0,0,0,0,0,33,0,0,0,0,0,0,0,0,245,0,0,0,0,0,0,0,0,93,0,0,0,0,0,0,0,0,115,0,0,0,0,0,0,0,0,253,0,0,0,0,0,0,0,0,58,epithelium
0,0,0,0,0,0,0,0,0,127,0,0,0,0,0,0,0,0,142,0,0,0,0,0,0,0,0,170,0,0,0,0,0,0,0,0,139,0,0,0,0,0,0,0,0,105,0,0,0,0,0,0,0,0,83,0,0,0,0,0,0,0,0,146,epithelium
0,0,0,0,0,0,0,0,0,114,0,0,0,0,0,0,0,0,108,0,0,0,0,0,0,0,0,149,0,0,0,0,0,0,0,0,91,0,0,0,0,0,0,0,0,86,0,0,0,0,0,0,0,0,230,0,0,0,0,0,0,0,0,120,epithelium
0,0,0,0,0,0,0,0,0,50,0,0,0,0,0,0,0,0,7,0,0,0,0,0,0,0,0,28,0,0,0,0,0,0,0,0,246,0,0,0,0,0,0,0,0,211,0,0,0,0,0,0,0,0,6,0,0,0,0,0,0,0,0,0,epithelium
0,0,0,0,0,0,0,0,0,7,0,0,0,0,0,0,0,0,62,0,0,0,0,0,0,0,0,174,0,0,0,0,0,0,0,0,112,0,0,0,0,0,0,0,0,176,0,0,0,0,0,0,0,0,145,0,0,0,0,0,0,0,0,236,epithelium
0,0,0,0,0,0,0,0,0,203,0,0,0,0,0,0,0,0,192,0,0,0,0,0,0,0,0,230,0,0,0,0,0,0,0,0,40,0,0,0,0,0,0,0,0,132,0,0,0,0,0,0,0,0,194,0,0,0,0,0,0,0,0,10,epithelium
0,0,0,0,0,0,0,0,0,0,0,0,0,0,0,0,0,0,249,0,0,0,0,0,0,0,0,150,0,0,0,0,0,0,0,0,171,0,0,0,0,0,0,0,0,3,0,0,0,0,0,0,0,0,27,0,0,0,0,0,0,0,0,169,epithelium
0,0,0,0,0,0,0,0,0,0,0,0,0,0,0,0,0,0,100,0,0,0,0,0,0,0,0,82,0,0,0,0,0,0,0,0,177,0,0,0,0,0,0,0,0,177,0,0,0,0,0,0,0,0,130,0,0,0,0,0,0,0,0,231,epithelium
0,0,0,0,0,0,0,0,0,7,0,0,0,0,0,0,0,0,200,0,0,0,0,0,0,0,0,169,0,0,0,0,0,0,0,0,75,0,0,0,0,0,0,0,0,108,0,0,0,0,0,0,0,0,252,0,0,0,0,0,0,0,0,89,epithelium
0,0,0,0,0,0,0,0,0,17,0,0,0,0,0,0,0,0,152,0,0,0,0,0,0,0,0,117,0,0,0,0,0,0,0,0,101,0,0,0,0,0,0,0,0,38,0,0,0,0,0,0,0,0,201,0,0,0,0,0,0,0,0,0,epithelium
0,0,0,0,0,0,0,0,0,249,0,0,0,0,0,0,0,0,127,0,0,0,0,0,0,0,0,213,0,0,0,0,0,0,0,0,80,0,0,0,0,0,0,0,0,114,0,0,0,0,0,0,0,0,19,0,0,0,0,0,0,0,0,180,epithelium
0,0,0,0,0,0,0,0,0,134,0,0,0,0,0,0,0,0,169,0,0,0,0,0,0,0,0,245,0,0,0,0,0,0,0,0,46,0,0,0,0,0,0,0,0,77,0,0,0,0,0,0,0,0,195,0,0,0,0,0,0,0,0,172,epithelium
0,0,0,0,0,0,0,0,0,21,0,0,0,0,0,0,0,0,102,0,0,0,0,0,0,0,0,173,0,0,0,0,0,0,0,0,236,0,0,0,0,0,0,0,0,44,0,0,0,0,0,0,0,0,228,0,0,0,0,0,0,0,0,218,epithelium
0,0,0,0,0,0,0,0,0,235,0,0,0,0,0,0,0,0,50,0,0,0,0,0,0,0,0,59,0,0,0,0,0,0,0,0,156,0,0,0,0,0,0,0,0,156,0,0,0,0,0,0,0,0,38,0,0,0,0,0,0,0,0,147,epithelium
0,0,0,0,0,0,0,0,0,240,0,0,0,0,0,0,0,0,42,0,0,0,0,0,0,0,0,20,0,0,0,0,0,0,0,0,202,0,0,0,0,0,0,0,0,22,0,0,0,0,0,0,0,0,240,0,0,0,0,0,0,0,0,24,epithelium
30,0,0,0,0,0,0,0,0,78,0,0,0,0,0,0,0,0,190,0,0,0,0,0,0,0,0,242,0,0,0,0,0,0,0,0,134,0,0,0,0,0,0,0,0,76,0,0,0,0,0,0,0,0,211,0,0,0,0,0,0,0,0,136,epithelium
249,0,0,0,0,0,0,0,0,63,0,0,0,0,0,0,0,0,212,0,0,0,0,0,0,0,0,50,0,0,0,0,0,0,0,0,46,0,0,0,0,0,0,0,0,126,0,0,0,0,0,0,0,0,166,0,0,0,0,0,0,0,0,0,epithelium
0,0,0,0,0,0,0,0,0,195,0,0,0,0,0,0,0,0,185,0,0,0,0,0,0,0,0,249,0,0,0,0,0,0,0,0,72,0,0,0,0,0,0,0,0,249,0,0,0,0,0,0,0,0,120,0,0,0,0,0,0,0,0,142,epithelium
2,0,0,0,0,0,0,0,0,216,0,0,0,0,0,0,0,0,171,0,0,0,0,0,0,0,0,127,0,0,0,0,0,0,0,0,83,0,0,0,0,0,0,0,0,205,0,0,0,0,0,0,0,0,49,0,0,0,0,0,0,0,0,148,epithelium
0,0,0,0,0,0,0,0,0,154,0,0,0,0,0,0,0,0,150,0,0,0,0,0,0,0,0,82,0,0,0,0,0,0,0,0,244,0,0,0,0,0,0,0,0,11,0,0,0,0,0,0,0,0,178,0,0,0,0,0,0,0,0,145,epithelium
0,0,0,0,0,0,0,0,0,212,0,0,0,0,0,0,0,0,212,0,0,0,0,0,0,0,0,162,0,0,0,0,0,0,0,0,146,0,0,0,0,0,0,0,0,230,0,0,0,0,0,0,0,0,130,0,0,0,0,0,0,0,0,0,epithelium
0,0,0,0,0,0,0,0,0,120,0,0,0,0,0,0,0,0,123,0,0,0,0,0,0,0,0,225,0,0,0,0,0,0,0,0,171,0,0,0,0,0,0,0,0,59,0,0,0,0,0,0,0,0,172,0,0,0,0,0,0,0,0,0,epithelium
0,0,0,0,0,0,0,0,0,151,0,0,0,0,0,0,0,0,65,0,0,0,0,0,0,0,0,42,0,0,0,0,0,0,0,0,235,0,0,0,0,0,0,0,0,183,0,0,0,0,0,0,0,0,90,0,0,0,0,0,0,0,0,0,epithelium
0,0,0,0,0,0,0,0,0,0,0,0,0,0,0,0,0,0,141,0,0,0,0,0,0,0,0,172,0,0,0,0,0,0,0,0,227,0,0,0,0,0,0,0,0,237,0,0,0,0,0,0,0,0,225,0,0,0,0,0,0,0,0,210,epithelium
0,0,0,0,0,0,0,0,0,231,0,0,0,0,0,0,0,0,182,0,0,0,0,0,0,0,0,210,0,0,0,0,0,0,0,0,223,0,0,0,0,0,0,0,0,159,0,0,0,0,0,0,0,0,17,0,0,0,0,0,0,0,0,0,epithelium
0,0,0,0,0,0,0,0,0,228,0,0,0,0,0,0,0,0,225,0,0,0,0,0,0,0,0,181,0,0,0,0,0,0,0,0,64,0,0,0,0,0,0,0,0,199,0,0,0,0,0,0,0,0,200,0,0,0,0,0,0,0,0,0,epithelium
0,0,0,0,0,0,0,0,0,121,0,0,0,0,0,0,0,0,101,0,0,0,0,0,0,0,0,163,0,0,0,0,0,0,0,0,195,0,0,0,0,0,0,0,0,0,0,0,0,0,0,0,0,0,0,0,0,0,0,0,0,0,0,0,epithelium
200,0,0,0,0,0,0,0,0,61,0,0,0,0,0,0,0,0,153,0,0,0,0,0,0,0,0,228,0,0,0,0,0,0,0,0,55,0,0,0,0,0,0,0,0,162,0,0,0,0,0,0,0,0,138,0,0,0,0,0,0,0,0,9,epithelium
0,0,0,0,0,0,0,0,0,254,0,0,0,0,0,0,0,0,13,0,0,0,0,0,0,0,0,7,0,0,0,0,0,0,0,0,239,0,0,0,0,0,0,0,0,81,0,0,0,0,0,0,0,0,213,0,0,0,0,0,0,0,0,239,epithelium
0,0,0,0,0,0,0,0,0,77,0,0,0,0,0,0,0,0,51,0,0,0,0,0,0,0,0,70,0,0,0,0,0,0,0,0,144,0,0,0,0,0,0,0,0,98,0,0,0,0,0,0,0,0,75,0,0,0,0,0,0,0,0,185,epithelium
0,0,0,0,0,0,0,0,0,210,0,0,0,0,0,0,0,0,76,0,0,0,0,0,0,0,0,80,0,0,0,0,0,0,0,0,76,0,0,0,0,0,0,0,0,208,0,0,0,0,0,0,0,0,55,0,0,0,0,0,0,0,0,181,epithelium
0,0,0,0,0,0,0,0,0,172,0,0,0,0,0,0,0,0,194,0,0,0,0,0,0,0,0,67,0,0,0,0,0,0,0,0,181,0,0,0,0,0,0,0,0,231,0,0,0,0,0,0,0,0,162,0,0,0,0,0,0,0,0,31,epithelium
24,0,0,0,0,0,0,0,0,39,0,0,0,0,0,0,0,0,231,0,0,0,0,0,0,0,0,48,0,0,0,0,0,0,0,0,129,0,0,0,0,0,0,0,0,95,0,0,0,0,0,0,0,0,90,0,0,0,0,0,0,0,0,0,epithelium
0,0,0,0,0,0,0,0,0,172,0,0,0,0,0,0,0,0,36,0,0,0,0,0,0,0,0,19,0,0,0,0,0,0,0,0,211,0,0,0,0,0,0,0,0,197,0,0,0,0,0,0,0,0,197,0,0,0,0,0,0,0,0,25,epithelium
0,0,0,0,0,0,0,0,0,4,0,0,0,0,0,0,0,0,185,0,0,0,0,0,0,0,0,92,0,0,0,0,0,0,0,0,183,0,0,0,0,0,0,0,0,27,0,0,0,0,0,0,0,0,128,0,0,0,0,0,0,0,0,190,epithelium
0,0,0,0,0,0,0,0,0,22,0,0,0,0,0,0,0,0,120,0,0,0,0,0,0,0,0,77,0,0,0,0,0,0,0,0,178,0,0,0,0,0,0,0,0,146,0,0,0,0,0,0,0,0,241,0,0,0,0,0,0,0,0,241,epithelium
0,0,0,0,0,0,0,0,0,173,0,0,0,0,0,0,0,0,71,0,0,0,0,0,0,0,0,229,0,0,0,0,0,0,0,0,244,0,0,0,0,0,0,0,0,139,0,0,0,0,0,0,0,0,153,0,0,0,0,0,0,0,0,179,epithelium
0,0,0,0,0,0,0,0,0,2,0,0,0,0,0,0,0,0,32,0,0,0,0,0,0,0,0,96,0,0,0,0,0,0,0,0,194,0,0,0,0,0,0,0,0,85,0,0,0,0,0,0,0,0,178,0,0,0,0,0,0,0,0,181,epithelium
0,0,0,0,0,0,0,0,0,0,0,0,0,0,0,0,0,0,229,0,0,0,0,0,0,0,0,10,0,0,0,0,0,0,0,0,79,0,0,0,0,0,0,0,0,244,0,0,0,0,0,0,0,0,77,0,0,0,0,0,0,0,0,170,stroma
0,0,0,0,0,0,0,0,0,18,0,0,0,0,0,0,0,0,12,0,0,0,0,0,0,0,0,102,0,0,0,0,0,0,0,0,117,0,0,0,0,0,0,0,0,134,0,0,0,0,0,0,0,0,167,0,0,0,0,0,0,0,0,190,stroma
0,0,0,0,0,0,0,0,0,18,0,0,0,0,0,0,0,0,255,0,0,0,0,0,0,0,0,55,0,0,0,0,0,0,0,0,145,0,0,0,0,0,0,0,0,75,0,0,0,0,0,0,0,0,226,0,0,0,0,0,0,0,0,120,stroma
0,0,0,0,0,0,0,0,0,108,0,0,0,0,0,0,0,0,255,0,0,0,0,0,0,0,0,146,0,0,0,0,0,0,0,0,61,0,0,0,0,0,0,0,0,230,0,0,0,0,0,0,0,0,18,0,0,0,0,0,0,0,0,14,stroma
0,0,0,0,0,0,0,0,0,25,0,0,0,0,0,0,0,0,205,0,0,0,0,0,0,0,0,169,0,0,0,0,0,0,0,0,220,0,0,0,0,0,0,0,0,183,0,0,0,0,0,0,0,0,186,0,0,0,0,0,0,0,0,29,stroma
0,0,0,0,0,0,0,0,0,7,0,0,0,0,0,0,0,0,212,0,0,0,0,0,0,0,0,33,0,0,0,0,0,0,0,0,224,0,0,0,0,0,0,0,0,121,0,0,0,0,0,0,0,0,209,0,0,0,0,0,0,0,0,147,stroma
0,0,0,0,0,0,0,0,0,0,0,0,0,0,0,0,0,0,184,0,0,0,0,0,0,0,0,226,0,0,0,0,0,0,0,0,7,0,0,0,0,0,0,0,0,20,0,0,0,0,0,0,0,0,196,0,0,0,0,0,0,0,0,5,stroma
0,0,0,0,0,0,0,0,0,241,0,0,0,0,0,0,0,0,204,0,0,0,0,0,0,0,0,137,0,0,0,0,0,0,0,0,50,0,0,0,0,0,0,0,0,62,0,0,0,0,0,0,0,0,25,0,0,0,0,0,0,0,0,202,stroma
0,0,0,0,0,0,0,0,0,32,0,0,0,0,0,0,0,0,178,0,0,0,0,0,0,0,0,41,0,0,0,0,0,0,0,0,229,0,0,0,0,0,0,0,0,84,0,0,0,0,0,0,0,0,112,0,0,0,0,0,0,0,0,0,stroma
0,0,0,0,0,0,0,0,0,2,0,0,0,0,0,0,0,0,21,0,0,0,0,0,0,0,0,46,0,0,0,0,0,0,0,0,180,0,0,0,0,0,0,0,0,207,0,0,0,0,0,0,0,0,247,0,0,0,0,0,0,0,0,135,stroma
0,0,0,0,0,0,0,0,0,29,0,0,0,0,0,0,0,0,40,0,0,0,0,0,0,0,0,87,0,0,0,0,0,0,0,0,23,0,0,0,0,0,0,0,0,255,0,0,0,0,0,0,0,0,73,0,0,0,0,0,0,0,0,14,stroma
0,0,0,0,0,0,0,0,0,59,0,0,0,0,0,0,0,0,207,0,0,0,0,0,0,0,0,31,0,0,0,0,0,0,0,0,90,0,0,0,0,0,0,0,0,29,0,0,0,0,0,0,0,0,168,0,0,0,0,0,0,0,0,177,stroma
0,0,0,0,0,0,0,0,0,48,0,0,0,0,0,0,0,0,211,0,0,0,0,0,0,0,0,157,0,0,0,0,0,0,0,0,10,0,0,0,0,0,0,0,0,160,0,0,0,0,0,0,0,0,159,0,0,0,0,0,0,0,0,39,stroma
0,0,0,0,0,0,0,0,0,127,0,0,0,0,0,0,0,0,27,0,0,0,0,0,0,0,0,124,0,0,0,0,0,0,0,0,86,0,0,0,0,0,0,0,0,112,0,0,0,0,0,0,0,0,149,0,0,0,0,0,0,0,0,0,stroma
0,0,0,0,0,0,0,0,0,25,0,0,0,0,0,0,0,0,5,0,0,0,0,0,0,0,0,253,0,0,0,0,0,0,0,0,7,0,0,0,0,0,0,0,0,200,0,0,0,0,0,0,0,0,61,0,0,0,0,0,0,0,0,7,stroma
0,0,0,0,0,0,0,0,0,57,0,0,0,0,0,0,0,0,170,0,0,0,0,0,0,0,0,104,0,0,0,0,0,0,0,0,226,0,0,0,0,0,0,0,0,100,0,0,0,0,0,0,0,0,19,0,0,0,0,0,0,0,0,0,stroma
0,0,0,0,0,0,0,0,0,33,0,0,0,0,0,0,0,0,134,0,0,0,0,0,0,0,0,159,0,0,0,0,0,0,0,0,31,0,0,0,0,0,0,0,0,154,0,0,0,0,0,0,0,0,242,0,0,0,0,0,0,0,0,179,stroma
0,0,0,0,0,0,0,0,0,0,0,0,0,0,0,0,0,0,113,0,0,0,0,0,0,0,0,83,0,0,0,0,0,0,0,0,113,0,0,0,0,0,0,0,0,63,0,0,0,0,0,0,0,0,161,0,0,0,0,0,0,0,0,123,stroma
0,0,0,0,0,0,0,0,0,17,0,0,0,0,0,0,0,0,155,0,0,0,0,0,0,0,0,97,0,0,0,0,0,0,0,0,246,0,0,0,0,0,0,0,0,89,0,0,0,0,0,0,0,0,48,0,0,0,0,0,0,0,0,86,stroma
0,0,0,0,0,0,0,0,0,34,0,0,0,0,0,0,0,0,196,0,0,0,0,0,0,0,0,156,0,0,0,0,0,0,0,0,151,0,0,0,0,0,0,0,0,180,0,0,0,0,0,0,0,0,154,0,0,0,0,0,0,0,0,143,stroma
0,0,0,0,0,0,0,0,0,27,0,0,0,0,0,0,0,0,213,0,0,0,0,0,0,0,0,219,0,0,0,0,0,0,0,0,199,0,0,0,0,0,0,0,0,117,0,0,0,0,0,0,0,0,235,0,0,0,0,0,0,0,0,158,stroma
0,0,0,0,0,0,0,0,0,17,0,0,0,0,0,0,0,0,65,0,0,0,0,0,0,0,0,93,0,0,0,0,0,0,0,0,226,0,0,0,0,0,0,0,0,189,0,0,0,0,0,0,0,0,194,0,0,0,0,0,0,0,0,0,stroma
0,0,0,0,0,0,0,0,0,68,0,0,0,0,0,0,0,0,30,0,0,0,0,0,0,0,0,90,0,0,0,0,0,0,0,0,92,0,0,0,0,0,0,0,0,11,0,0,0,0,0,0,0,0,47,0,0,0,0,0,0,0,0,247,stroma
0,0,0,0,0,0,0,0,0,41,0,0,0,0,0,0,0,0,214,0,0,0,0,0,0,0,0,91,0,0,0,0,0,0,0,0,49,0,0,0,0,0,0,0,0,73,0,0,0,0,0,0,0,0,50,0,0,0,0,0,0,0,0,179,stroma
0,0,0,0,0,0,0,0,0,3,0,0,0,0,0,0,0,0,196,0,0,0,0,0,0,0,0,49,0,0,0,0,0,0,0,0,63,0,0,0,0,0,0,0,0,15,0,0,0,0,0,0,0,0,3,0,0,0,0,0,0,0,0,184,stroma
0,0,0,0,0,0,0,0,0,26,0,0,0,0,0,0,0,0,28,0,0,0,0,0,0,0,0,87,0,0,0,0,0,0,0,0,43,0,0,0,0,0,0,0,0,121,0,0,0,0,0,0,0,0,211,0,0,0,0,0,0,0,0,101,stroma
0,0,0,0,0,0,0,0,0,49,0,0,0,0,0,0,0,0,220,0,0,0,0,0,0,0,0,225,0,0,0,0,0,0,0,0,29,0,0,0,0,0,0,0,0,24,0,0,0,0,0,0,0,0,214,0,0,0,0,0,0,0,0,24,stroma
0,0,0,0,0,0,0,0,0,13,0,0,0,0,0,0,0,0,239,0,0,0,0,0,0,0,0,42,0,0,0,0,0,0,0,0,62,0,0,0,0,0,0,0,0,129,0,0,0,0,0,0,0,0,166,0,0,0,0,0,0,0,0,249,stroma
0,0,0,0,0,0,0,0,0,18,0,0,0,0,0,0,0,0,227,0,0,0,0,0,0,0,0,223,0,0,0,0,0,0,0,0,210,0,0,0,0,0,0,0,0,167,0,0,0,0,0,0,0,0,13,0,0,0,0,0,0,0,0,42,stroma
0,0,0,0,0,0,0,0,0,0,0,0,0,0,0,0,0,0,75,0,0,0,0,0,0,0,0,223,0,0,0,0,0,0,0,0,173,0,0,0,0,0,0,0,0,2,0,0,0,0,0,0,0,0,178,0,0,0,0,0,0,0,0,51,stroma
0,0,0,0,0,0,0,0,0,2,0,0,0,0,0,0,0,0,198,0,0,0,0,0,0,0,0,178,0,0,0,0,0,0,0,0,193,0,0,0,0,0,0,0,0,163,0,0,0,0,0,0,0,0,100,0,0,0,0,0,0,0,0,143,stroma
0,0,0,0,0,0,0,0,0,80,0,0,0,0,0,0,0,0,54,0,0,0,0,0,0,0,0,194,0,0,0,0,0,0,0,0,103,0,0,0,0,0,0,0,0,115,0,0,0,0,0,0,0,0,93,0,0,0,0,0,0,0,0,167,stroma
0,0,0,0,0,0,0,0,0,0,0,0,0,0,0,0,0,0,33,0,0,0,0,0,0,0,0,246,0,0,0,0,0,0,0,0,251,0,0,0,0,0,0,0,0,27,0,0,0,0,0,0,0,0,121,0,0,0,0,0,0,0,0,40,stroma
0,0,0,0,0,0,0,0,0,0,0,0,0,0,0,0,0,0,108,0,0,0,0,0,0,0,0,42,0,0,0,0,0,0,0,0,77,0,0,0,0,0,0,0,0,202,0,0,0,0,0,0,0,0,236,0,0,0,0,0,0,0,0,171,stroma
0,0,0,0,0,0,0,0,0,0,0,0,0,0,0,0,0,0,22,0,0,0,0,0,0,0,0,140,0,0,0,0,0,0,0,0,181,0,0,0,0,0,0,0,0,133,0,0,0,0,0,0,0,0,173,0,0,0,0,0,0,0,0,48,stroma
0,0,0,0,0,0,0,0,0,0,0,0,0,0,0,0,0,0,153,0,0,0,0,0,0,0,0,177,0,0,0,0,0,0,0,0,141,0,0,0,0,0,0,0,0,14,0,0,0,0,0,0,0,0,227,0,0,0,0,0,0,0,0,73,stroma
0,0,0,0,0,0,0,0,0,0,0,0,0,0,0,0,0,0,114,0,0,0,0,0,0,0,0,90,0,0,0,0,0,0,0,0,39,0,0,0,0,0,0,0,0,178,0,0,0,0,0,0,0,0,25,0,0,0,0,0,0,0,0,166,stroma
0,0,0,0,0,0,0,0,0,0,0,0,0,0,0,0,0,0,137,0,0,0,0,0,0,0,0,242,0,0,0,0,0,0,0,0,174,0,0,0,0,0,0,0,0,119,0,0,0,0,0,0,0,0,75,0,0,0,0,0,0,0,0,62,stroma
0,0,0,0,0,0,0,0,0,40,0,0,0,0,0,0,0,0,81,0,0,0,0,0,0,0,0,212,0,0,0,0,0,0,0,0,248,0,0,0,0,0,0,0,0,249,0,0,0,0,0,0,0,0,76,0,0,0,0,0,0,0,0,0,stroma
0,0,0,0,0,0,0,0,0,6,0,0,0,0,0,0,0,0,5,0,0,0,0,0,0,0,0,4,0,0,0,0,0,0,0,0,52,0,0,0,0,0,0,0,0,148,0,0,0,0,0,0,0,0,89,0,0,0,0,0,0,0,0,217,stroma
0,0,0,0,0,0,0,0,0,0,0,0,0,0,0,0,0,0,35,0,0,0,0,0,0,0,0,135,0,0,0,0,0,0,0,0,129,0,0,0,0,0,0,0,0,90,0,0,0,0,0,0,0,0,49,0,0,0,0,0,0,0,0,30,stroma
0,0,0,0,0,0,0,0,0,0,0,0,0,0,0,0,0,0,118,0,0,0,0,0,0,0,0,52,0,0,0,0,0,0,0,0,82,0,0,0,0,0,0,0,0,149,0,0,0,0,0,0,0,0,11,0,0,0,0,0,0,0,0,138,stroma
0,0,0,0,0,0,0,0,0,0,0,0,0,0,0,0,0,0,33,0,0,0,0,0,0,0,0,212,0,0,0,0,0,0,0,0,41,0,0,0,0,0,0,0,0,75,0,0,0,0,0,0,0,0,112,0,0,0,0,0,0,0,0,171,stroma
0,0,0,0,0,0,0,0,0,0,0,0,0,0,0,0,0,0,59,0,0,0,0,0,0,0,0,55,0,0,0,0,0,0,0,0,215,0,0,0,0,0,0,0,0,227,0,0,0,0,0,0,0,0,82,0,0,0,0,0,0,0,0,230,stroma
0,0,0,0,0,0,0,0,0,3,0,0,0,0,0,0,0,0,208,0,0,0,0,0,0,0,0,147,0,0,0,0,0,0,0,0,200,0,0,0,0,0,0,0,0,4,0,0,0,0,0,0,0,0,206,0,0,0,0,0,0,0,0,4,stroma
0,0,0,0,0,0,0,0,0,2,0,0,0,0,0,0,0,0,144,0,0,0,0,0,0,0,0,206,0,0,0,0,0,0,0,0,20,0,0,0,0,0,0,0,0,174,0,0,0,0,0,0,0,0,243,0,0,0,0,0,0,0,0,117,stroma
0,0,0,0,0,0,0,0,0,0,0,0,0,0,0,0,0,0,103,0,0,0,0,0,0,0,0,70,0,0,0,0,0,0,0,0,24,0,0,0,0,0,0,0,0,162,0,0,0,0,0,0,0,0,119,0,0,0,0,0,0,0,0,139,stroma
0,0,0,0,0,0,0,0,0,0,0,0,0,0,0,0,0,0,156,0,0,0,0,0,0,0,0,39,0,0,0,0,0,0,0,0,71,0,0,0,0,0,0,0,0,202,0,0,0,0,0,0,0,0,205,0,0,0,0,0,0,0,0,133,stroma
0,0,0,0,0,0,0,0,0,0,0,0,0,0,0,0,0,0,115,0,0,0,0,0,0,0,0,16,0,0,0,0,0,0,0,0,73,0,0,0,0,0,0,0,0,211,0,0,0,0,0,0,0,0,188,0,0,0,0,0,0,0,0,233,stroma
0,0,0,0,0,0,0,0,0,0,0,0,0,0,0,0,0,0,137,0,0,0,0,0,0,0,0,1,0,0,0,0,0,0,0,0,55,0,0,0,0,0,0,0,0,11,0,0,0,0,0,0,0,0,46,0,0,0,0,0,0,0,0,170,stroma
0,0,0,0,0,0,0,0,0,0,0,0,0,0,0,0,0,0,182,0,0,0,0,0,0,0,0,82,0,0,0,0,0,0,0,0,61,0,0,0,0,0,0,0,0,239,0,0,0,0,0,0,0,0,57,0,0,0,0,0,0,0,0,188,stroma
0,0,0,0,0,0,0,0,0,0,0,0,0,0,0,0,0,0,133,0,0,0,0,0,0,0,0,143,0,0,0,0,0,0,0,0,252,0,0,0,0,0,0,0,0,213,0,0,0,0,0,0,0,0,18,0,0,0,0,0,0,0,0,121,stroma
0,0,0,0,0,0,0,0,0,0,0,0,0,0,0,0,0,0,62,0,0,0,0,0,0,0,0,60,0,0,0,0,0,0,0,0,53,0,0,0,0,0,0,0,0,59,0,0,0,0,0,0,0,0,25,0,0,0,0,0,0,0,0,46,stroma
0,0,0,0,0,0,0,0,0,0,0,0,0,0,0,0,0,0,53,0,0,0,0,0,0,0,0,47,0,0,0,0,0,0,0,0,105,0,0,0,0,0,0,0,0,147,0,0,0,0,0,0,0,0,80,0,0,0,0,0,0,0,0,129,stroma
0,0,0,0,0,0,0,0,0,10,0,0,0,0,0,0,0,0,205,0,0,0,0,0,0,0,0,0,0,0,0,0,0,0,0,0,6,0,0,0,0,0,0,0,0,24,0,0,0,0,0,0,0,0,157,0,0,0,0,0,0,0,0,0,stroma
0,0,0,0,0,0,0,0,0,0,0,0,0,0,0,0,0,0,220,0,0,0,0,0,0,0,0,141,0,0,0,0,0,0,0,0,4,0,0,0,0,0,0,0,0,240,0,0,0,0,0,0,0,0,114,0,0,0,0,0,0,0,0,42,stroma
0,0,0,0,0,0,0,0,0,0,0,0,0,0,0,0,0,0,134,0,0,0,0,0,0,0,0,229,0,0,0,0,0,0,0,0,25,0,0,0,0,0,0,0,0,123,0,0,0,0,0,0,0,0,176,0,0,0,0,0,0,0,0,145,stroma
0,0,0,0,0,0,0,0,0,0,0,0,0,0,0,0,0,0,252,0,0,0,0,0,0,0,0,180,0,0,0,0,0,0,0,0,17,0,0,0,0,0,0,0,0,123,0,0,0,0,0,0,0,0,13,0,0,0,0,0,0,0,0,0,stroma
0,0,0,0,0,0,0,0,0,0,0,0,0,0,0,0,0,0,191,0,0,0,0,0,0,0,0,244,0,0,0,0,0,0,0,0,187,0,0,0,0,0,0,0,0,106,0,0,0,0,0,0,0,0,48,0,0,0,0,0,0,0,0,108,stroma
0,0,0,0,0,0,0,0,0,0,0,0,0,0,0,0,0,0,10,0,0,0,0,0,0,0,0,83,0,0,0,0,0,0,0,0,126,0,0,0,0,0,0,0,0,48,0,0,0,0,0,0,0,0,218,0,0,0,0,0,0,0,0,41,stroma
0,0,0,0,0,0,0,0,0,0,0,0,0,0,0,0,0,0,204,0,0,0,0,0,0,0,0,191,0,0,0,0,0,0,0,0,118,0,0,0,0,0,0,0,0,218,0,0,0,0,0,0,0,0,102,0,0,0,0,0,0,0,0,67,stroma
0,0,0,0,0,0,0,0,0,49,0,0,0,0,0,0,0,0,99,0,0,0,0,0,0,0,0,140,0,0,0,0,0,0,0,0,10,0,0,0,0,0,0,0,0,58,0,0,0,0,0,0,0,0,132,0,0,0,0,0,0,0,0,97,stroma
0,0,0,0,0,0,0,0,0,0,0,0,0,0,0,0,0,0,188,0,0,0,0,0,0,0,0,136,0,0,0,0,0,0,0,0,170,0,0,0,0,0,0,0,0,11,0,0,0,0,0,0,0,0,114,0,0,0,0,0,0,0,0,39,stroma
0,0,0,0,0,0,0,0,0,81,0,0,0,0,0,0,0,0,233,0,0,0,0,0,0,0,0,3,0,0,0,0,0,0,0,0,141,0,0,0,0,0,0,0,0,227,0,0,0,0,0,0,0,0,147,0,0,0,0,0,0,0,0,32,stroma
0,0,0,0,0,0,0,0,0,55,0,0,0,0,0,0,0,0,32,0,0,0,0,0,0,0,0,103,0,0,0,0,0,0,0,0,55,0,0,0,0,0,0,0,0,5,0,0,0,0,0,0,0,0,148,0,0,0,0,0,0,0,0,210,stroma
0,0,0,0,0,0,0,0,0,0,0,0,0,0,0,0,0,0,217,0,0,0,0,0,0,0,0,161,0,0,0,0,0,0,0,0,164,0,0,0,0,0,0,0,0,249,0,0,0,0,0,0,0,0,233,0,0,0,0,0,0,0,0,0,stroma
0,0,0,0,0,0,0,0,0,5,0,0,0,0,0,0,0,0,215,0,0,0,0,0,0,0,0,191,0,0,0,0,0,0,0,0,79,0,0,0,0,0,0,0,0,111,0,0,0,0,0,0,0,0,43,0,0,0,0,0,0,0,0,0,stroma
0,0,0,0,0,0,0,0,0,10,0,0,0,0,0,0,0,0,123,0,0,0,0,0,0,0,0,5,0,0,0,0,0,0,0,0,241,0,0,0,0,0,0,0,0,128,0,0,0,0,0,0,0,0,71,0,0,0,0,0,0,0,0,191,stroma
0,0,0,0,0,0,0,0,0,0,0,0,0,0,0,0,0,0,93,0,0,0,0,0,0,0,0,240,0,0,0,0,0,0,0,0,114,0,0,0,0,0,0,0,0,148,0,0,0,0,0,0,0,0,113,0,0,0,0,0,0,0,0,186,stroma
0,0,0,0,0,0,0,0,0,55,0,0,0,0,0,0,0,0,255,0,0,0,0,0,0,0,0,147,0,0,0,0,0,0,0,0,163,0,0,0,0,0,0,0,0,189,0,0,0,0,0,0,0,0,3,0,0,0,0,0,0,0,0,213,stroma
0,0,0,0,0,0,0,0,0,99,0,0,0,0,0,0,0,0,207,0,0,0,0,0,0,0,0,230,0,0,0,0,0,0,0,0,134,0,0,0,0,0,0,0,0,236,0,0,0,0,0,0,0,0,69,0,0,0,0,0,0,0,0,49,stroma
0,0,0,0,0,0,0,0,0,10,0,0,0,0,0,0,0,0,12,0,0,0,0,0,0,0,0,220,0,0,0,0,0,0,0,0,3,0,0,0,0,0,0,0,0,41,0,0,0,0,0,0,0,0,175,0,0,0,0,0,0,0,0,252,stroma
0,0,0,0,0,0,0,0,0,0,0,0,0,0,0,0,0,0,125,0,0,0,0,0,0,0,0,74,0,0,0,0,0,0,0,0,206,0,0,0,0,0,0,0,0,235,0,0,0,0,0,0,0,0,40,0,0,0,0,0,0,0,0,89,stroma
0,0,0,0,0,0,0,0,0,33,0,0,0,0,0,0,0,0,216,0,0,0,0,0,0,0,0,218,0,0,0,0,0,0,0,0,146,0,0,0,0,0,0,0,0,120,0,0,0,0,0,0,0,0,154,0,0,0,0,0,0,0,0,43,stroma
0,0,0,0,0,0,0,0,0,51,0,0,0,0,0,0,0,0,86,0,0,0,0,0,0,0,0,82,0,0,0,0,0,0,0,0,195,0,0,0,0,0,0,0,0,122,0,0,0,0,0,0,0,0,164,0,0,0,0,0,0,0,0,68,stroma
0,0,0,0,0,0,0,0,0,5,0,0,0,0,0,0,0,0,195,0,0,0,0,0,0,0,0,218,0,0,0,0,0,0,0,0,6,0,0,0,0,0,0,0,0,39,0,0,0,0,0,0,0,0,90,0,0,0,0,0,0,0,0,72,stroma
0,0,0,0,0,0,0,0,0,4,0,0,0,0,0,0,0,0,132,0,0,0,0,0,0,0,0,125,0,0,0,0,0,0,0,0,9,0,0,0,0,0,0,0,0,195,0,0,0,0,0,0,0,0,104,0,0,0,0,0,0,0,0,56,stroma
0,0,0,0,0,0,0,0,0,5,0,0,0,0,0,0,0,0,248,0,0,0,0,0,0,0,0,37,0,0,0,0,0,0,0,0,102,0,0,0,0,0,0,0,0,106,0,0,0,0,0,0,0,0,127,0,0,0,0,0,0,0,0,0,stroma
0,0,0,0,0,0,0,0,0,5,0,0,0,0,0,0,0,0,251,0,0,0,0,0,0,0,0,224,0,0,0,0,0,0,0,0,133,0,0,0,0,0,0,0,0,41,0,0,0,0,0,0,0,0,214,0,0,0,0,0,0,0,0,108,stroma
0,0,0,0,0,0,0,0,0,52,0,0,0,0,0,0,0,0,62,0,0,0,0,0,0,0,0,193,0,0,0,0,0,0,0,0,165,0,0,0,0,0,0,0,0,91,0,0,0,0,0,0,0,0,72,0,0,0,0,0,0,0,0,79,stroma
0,0,0,0,0,0,0,0,0,0,0,0,0,0,0,0,0,0,21,0,0,0,0,0,0,0,0,98,0,0,0,0,0,0,0,0,80,0,0,0,0,0,0,0,0,203,0,0,0,0,0,0,0,0,157,0,0,0,0,0,0,0,0,117,stroma
0,0,0,0,0,0,0,0,0,31,0,0,0,0,0,0,0,0,64,0,0,0,0,0,0,0,0,133,0,0,0,0,0,0,0,0,254,0,0,0,0,0,0,0,0,136,0,0,0,0,0,0,0,0,251,0,0,0,0,0,0,0,0,115,stroma
0,0,0,0,0,0,0,0,0,56,0,0,0,0,0,0,0,0,198,0,0,0,0,0,0,0,0,43,0,0,0,0,0,0,0,0,255,0,0,0,0,0,0,0,0,7,0,0,0,0,0,0,0,0,74,0,0,0,0,0,0,0,0,120,stroma
0,0,0,0,0,0,0,0,0,0,0,0,0,0,0,0,0,0,101,0,0,0,0,0,0,0,0,172,0,0,0,0,0,0,0,0,27,0,0,0,0,0,0,0,0,150,0,0,0,0,0,0,0,0,118,0,0,0,0,0,0,0,0,70,stroma
0,0,0,0,0,0,0,0,0,27,0,0,0,0,0,0,0,0,155,0,0,0,0,0,0,0,0,233,0,0,0,0,0,0,0,0,8,0,0,0,0,0,0,0,0,72,0,0,0,0,0,0,0,0,111,0,0,0,0,0,0,0,0,19,stroma
0,0,0,0,0,0,0,0,0,0,0,0,0,0,0,0,0,0,79,0,0,0,0,0,0,0,0,81,0,0,0,0,0,0,0,0,175,0,0,0,0,0,0,0,0,43,0,0,0,0,0,0,0,0,159,0,0,0,0,0,0,0,0,0,stroma
0,0,0,0,0,0,0,0,0,0,0,0,0,0,0,0,0,0,61,0,0,0,0,0,0,0,0,234,0,0,0,0,0,0,0,0,151,0,0,0,0,0,0,0,0,58,0,0,0,0,0,0,0,0,238,0,0,0,0,0,0,0,0,30,stroma
0,0,0,0,0,0,0,0,0,8,0,0,0,0,0,0,0,0,39,0,0,0,0,0,0,0,0,127,0,0,0,0,0,0,0,0,74,0,0,0,0,0,0,0,0,150,0,0,0,0,0,0,0,0,44,0,0,0,0,0,0,0,0,108,stroma
0,0,0,0,0,0,0,0,0,1,0,0,0,0,0,0,0,0,117,0,0,0,0,0,0,0,0,20,0,0,0,0,0,0,0,0,119,0,0,0,0,0,0,0,0,72,0,0,0,0,0,0,0,0,20,0,0,0,0,0,0,0,0,25,stroma
0,0,0,0,0,0,0,0,0,28,0,0,0,0,0,0,0,0,243,0,0,0,0,0,0,0,0,233,0,0,0,0,0,0,0,0,69,0,0,0,0,0,0,0,0,4,0,0,0,0,0,0,0,0,45,0,0,0,0,0,0,0,0,83,stroma
0,0,0,0,0,0,0,0,0,54,0,0,0,0,0,0,0,0,186,0,0,0,0,0,0,0,0,146,0,0,0,0,0,0,0,0,139,0,0,0,0,0,0,0,0,201,0,0,0,0,0,0,0,0,90,0,0,0,0,0,0,0,0,217,stroma
0,0,0,0,0,0,0,0,0,19,0,0,0,0,0,0,0,0,69,0,0,0,0,0,0,0,0,188,0,0,0,0,0,0,0,0,250,0,0,0,0,0,0,0,0,56,0,0,0,0,0,0,0,0,17,0,0,0,0,0,0,0,0,74,stroma
0,0,0,0,0,0,0,0,0,83,0,0,0,0,0,0,0,0,144,0,0,0,0,0,0,0,0,170,0,0,0,0,0,0,0,0,75,0,0,0,0,0,0,0,0,143,0,0,0,0,0,0,0,0,240,0,0,0,0,0,0,0,0,109,stroma
0,0,0,0,0,0,0,0,0,0,0,0,0,0,0,0,0,0,188,0,0,0,0,0,0,0,0,224,0,0,0,0,0,0,0,0,161,0,0,0,0,0,0,0,0,153,0,0,0,0,0,0,0,0,94,0,0,0,0,0,0,0,0,12,stroma
0,0,0,0,0,0,0,0,0,0,0,0,0,0,0,0,0,0,26,0,0,0,0,0,0,0,0,202,0,0,0,0,0,0,0,0,19,0,0,0,0,0,0,0,0,130,0,0,0,0,0,0,0,0,241,0,0,0,0,0,0,0,0,23,stroma
0,0,0,0,0,0,0,0,0,0,0,0,0,0,0,0,0,0,15,0,0,0,0,0,0,0,0,210,0,0,0,0,0,0,0,0,81,0,0,0,0,0,0,0,0,116,0,0,0,0,0,0,0,0,230,0,0,0,0,0,0,0,0,157,stroma
0,0,0,0,0,0,0,0,0,0,0,0,0,0,0,0,0,0,17,0,0,0,0,0,0,0,0,77,0,0,0,0,0,0,0,0,120,0,0,0,0,0,0,0,0,13,0,0,0,0,0,0,0,0,93,0,0,0,0,0,0,0,0,0,stroma
0,0,0,0,0,0,0,0,0,11,0,0,0,0,0,0,0,0,155,0,0,0,0,0,0,0,0,74,0,0,0,0,0,0,0,0,231,0,0,0,0,0,0,0,0,99,0,0,0,0,0,0,0,0,161,0,0,0,0,0,0,0,0,37,stroma
0,0,0,0,0,0,0,0,0,33,0,0,0,0,0,0,0,0,124,0,0,0,0,0,0,0,0,59,0,0,0,0,0,0,0,0,66,0,0,0,0,0,0,0,0,118,0,0,0,0,0,0,0,0,208,0,0,0,0,0,0,0,0,226,stroma
0,0,0,0,0,0,0,0,0,0,0,0,0,0,0,0,0,0,13,0,0,0,0,0,0,0,0,97,0,0,0,0,0,0,0,0,39,0,0,0,0,0,0,0,0,129,0,0,0,0,0,0,0,0,88,0,0,0,0,0,0,0,0,155,stroma
0,0,0,0,0,0,0,0,0,96,0,0,0,0,0,0,0,0,54,0,0,0,0,0,0,0,0,35,0,0,0,0,0,0,0,0,178,0,0,0,0,0,0,0,0,154,0,0,0,0,0,0,0,0,226,0,0,0,0,0,0,0,0,186,stroma
0,0,0,0,0,0,0,0,0,0,0,0,0,0,0,0,0,0,0,0,0,0,0,0,0,0,0,122,0,0,0,0,0,0,0,0,48,0,0,0,0,0,0,0,0,141,0,0,0,0,0,0,0,0,234,0,0,0,0,0,0,0,0,31,stroma
0,0,0,0,0,0,0,0,0,2,0,0,0,0,0,0,0,0,106,0,0,0,0,0,0,0,0,221,0,0,0,0,0,0,0,0,43,0,0,0,0,0,0,0,0,85,0,0,0,0,0,0,0,0,107,0,0,0,0,0,0,0,0,66,stroma
0,0,0,0,0,0,0,0,0,1,0,0,0,0,0,0,0,0,23,0,0,0,0,0,0,0,0,5,0,0,0,0,0,0,0,0,238,0,0,0,0,0,0,0,0,58,0,0,0,0,0,0,0,0,137,0,0,0,0,0,0,0,0,246,stroma
0,0,0,0,0,0,0,0,0,12,0,0,0,0,0,0,0,0,191,0,0,0,0,0,0,0,0,48,0,0,0,0,0,0,0,0,193,0,0,0,0,0,0,0,0,127,0,0,0,0,0,0,0,0,238,0,0,0,0,0,0,0,0,15,stroma
0,0,0,0,0,0,0,0,0,27,0,0,0,0,0,0,0,0,126,0,0,0,0,0,0,0,0,83,0,0,0,0,0,0,0,0,218,0,0,0,0,0,0,0,0,77,0,0,0,0,0,0,0,0,187,0,0,0,0,0,0,0,0,22,stroma
0,0,0,0,0,0,0,0,0,0,0,0,0,0,0,0,0,0,154,0,0,0,0,0,0,0,0,16,0,0,0,0,0,0,0,0,214,0,0,0,0,0,0,0,0,11,0,0,0,0,0,0,0,0,167,0,0,0,0,0,0,0,0,0,stroma
0,0,0,0,0,0,0,0,0,33,0,0,0,0,0,0,0,0,2,0,0,0,0,0,0,0,0,128,0,0,0,0,0,0,0,0,244,0,0,0,0,0,0,0,0,205,0,0,0,0,0,0,0,0,90,0,0,0,0,0,0,0,0,116,stroma
0,0,0,0,0,0,0,0,0,10,0,0,0,0,0,0,0,0,209,0,0,0,0,0,0,0,0,74,0,0,0,0,0,0,0,0,61,0,0,0,0,0,0,0,0,155,0,0,0,0,0,0,0,0,22,0,0,0,0,0,0,0,0,38,stroma
0,0,0,0,0,0,0,0,0,95,0,0,0,0,0,0,0,0,9,0,0,0,0,0,0,0,0,71,0,0,0,0,0,0,0,0,230,0,0,0,0,0,0,0,0,251,0,0,0,0,0,0,0,0,59,0,0,0,0,0,0,0,0,126,stroma
0,0,0,0,0,0,0,0,0,0,0,0,0,0,0,0,0,0,19,0,0,0,0,0,0,0,0,34,0,0,0,0,0,0,0,0,93,0,0,0,0,0,0,0,0,233,0,0,0,0,0,0,0,0,251,0,0,0,0,0,0,0,0,19,stroma
0,0,0,0,0,0,0,0,0,113,0,0,0,0,0,0,0,0,68,0,0,0,0,0,0,0,0,113,0,0,0,0,0,0,0,0,125,0,0,0,0,0,0,0,0,165,0,0,0,0,0,0,0,0,146,0,0,0,0,0,0,0,0,10,stroma
0,0,0,0,0,0,0,0,0,11,0,0,0,0,0,0,0,0,147,0,0,0,0,0,0,0,0,90,0,0,0,0,0,0,0,0,52,0,0,0,0,0,0,0,0,167,0,0,0,0,0,0,0,0,66,0,0,0,0,0,0,0,0,175,stroma
0,0,0,0,0,0,0,0,0,33,0,0,0,0,0,0,0,0,160,0,0,0,0,0,0,0,0,121,0,0,0,0,0,0,0,0,209,0,0,0,0,0,0,0,0,67,0,0,0,0,0,0,0,0,228,0,0,0,0,0,0,0,0,0,stroma
0,0,0,0,0,0,0,0,0,51,0,0,0,0,0,0,0,0,125,0,0,0,0,0,0,0,0,201,0,0,0,0,0,0,0,0,148,0,0,0,0,0,0,0,0,93,0,0,0,0,0,0,0,0,121,0,0,0,0,0,0,0,0,13,stroma
0,0,0,0,0,0,0,0,0,0,0,0,0,0,0,0,0,0,69,0,0,0,0,0,0,0,0,2,0,0,0,0,0,0,0,0,219,0,0,0,0,0,0,0,0,156,0,0,0,0,0,0,0,0,178,0,0,0,0,0,0,0,0,144,stroma
0,0,0,0,0,0,0,0,0,0,0,0,0,0,0,0,0,0,36,0,0,0,0,0,0,0,0,141,0,0,0,0,0,0,0,0,130,0,0,0,0,0,0,0,0,165,0,0,0,0,0,0,0,0,189,0,0,0,0,0,0,0,0,157,stroma
0,0,0,0,0,0,0,0,0,50,0,0,0,0,0,0,0,0,41,0,0,0,0,0,0,0,0,103,0,0,0,0,0,0,0,0,48,0,0,0,0,0,0,0,0,202,0,0,0,0,0,0,0,0,154,0,0,0,0,0,0,0,0,0,stroma
0,0,0,0,0,0,0,0,0,22,0,0,0,0,0,0,0,0,160,0,0,0,0,0,0,0,0,7,0,0,0,0,0,0,0,0,48,0,0,0,0,0,0,0,0,206,0,0,0,0,0,0,0,0,213,0,0,0,0,0,0,0,0,196,stroma
0,0,0,0,0,0,0,0,0,23,0,0,0,0,0,0,0,0,182,0,0,0,0,0,0,0,0,137,0,0,0,0,0,0,0,0,228,0,0,0,0,0,0,0,0,222,0,0,0,0,0,0,0,0,128,0,0,0,0,0,0,0,0,198,stroma
0,0,0,0,0,0,0,0,0,148,0,0,0,0,0,0,0,0,19,0,0,0,0,0,0,0,0,178,0,0,0,0,0,0,0,0,202,0,0,0,0,0,0,0,0,26,0,0,0,0,0,0,0,0,24,0,0,0,0,0,0,0,0,255,stroma
0,0,0,0,0,0,0,0,0,0,0,0,0,0,0,0,0,0,98,0,0,0,0,0,0,0,0,184,0,0,0,0,0,0,0,0,180,0,0,0,0,0,0,0,0,230,0,0,0,0,0,0,0,0,59,0,0,0,0,0,0,0,0,17,stroma
0,0,0,0,0,0,0,0,0,13,0,0,0,0,0,0,0,0,197,0,0,0,0,0,0,0,0,30,0,0,0,0,0,0,0,0,100,0,0,0,0,0,0,0,0,118,0,0,0,0,0,0,0,0,154,0,0,0,0,0,0,0,0,53,stroma
0,0,0,0,0,0,0,0,0,23,0,0,0,0,0,0,0,0,198,0,0,0,0,0,0,0,0,7,0,0,0,0,0,0,0,0,179,0,0,0,0,0,0,0,0,213,0,0,0,0,0,0,0,0,73,0,0,0,0,0,0,0,0,236,stroma
0,0,0,0,0,0,0,0,0,33,0,0,0,0,0,0,0,0,224,0,0,0,0,0,0,0,0,241,0,0,0,0,0,0,0,0,74,0,0,0,0,0,0,0,0,161,0,0,0,0,0,0,0,0,135,0,0,0,0,0,0,0,0,24,stroma
0,0,0,0,0,0,0,0,0,0,0,0,0,0,0,0,0,0,8,0,0,0,0,0,0,0,0,164,0,0,0,0,0,0,0,0,145,0,0,0,0,0,0,0,0,221,0,0,0,0,0,0,0,0,208,0,0,0,0,0,0,0,0,191,stroma
0,0,0,0,0,0,0,0,0,22,0,0,0,0,0,0,0,0,214,0,0,0,0,0,0,0,0,189,0,0,0,0,0,0,0,0,114,0,0,0,0,0,0,0,0,172,0,0,0,0,0,0,0,0,12,0,0,0,0,0,0,0,0,189,stroma
0,0,0,0,0,0,0,0,0,0,0,0,0,0,0,0,0,0,92,0,0,0,0,0,0,0,0,170,0,0,0,0,0,0,0,0,113,0,0,0,0,0,0,0,0,141,0,0,0,0,0,0,0,0,22,0,0,0,0,0,0,0,0,230,stroma
0,0,0,0,0,0,0,0,0,8,0,0,0,0,0,0,0,0,99,0,0,0,0,0,0,0,0,200,0,0,0,0,0,0,0,0,138,0,0,0,0,0,0,0,0,26,0,0,0,0,0,0,0,0,24,0,0,0,0,0,0,0,0,85,stroma
0,0,0,0,0,0,0,0,0,71,0,0,0,0,0,0,0,0,11,0,0,0,0,0,0,0,0,229,0,0,0,0,0,0,0,0,139,0,0,0,0,0,0,0,0,180,0,0,0,0,0,0,0,0,173,0,0,0,0,0,0,0,0,49,stroma
0,0,0,0,0,0,0,0,0,137,0,0,0,0,0,0,0,0,66,0,0,0,0,0,0,0,0,79,0,0,0,0,0,0,0,0,174,0,0,0,0,0,0,0,0,254,0,0,0,0,0,0,0,0,209,0,0,0,0,0,0,0,0,105,stroma
0,0,0,0,0,0,0,0,0,0,0,0,0,0,0,0,0,0,117,0,0,0,0,0,0,0,0,93,0,0,0,0,0,0,0,0,17,0,0,0,0,0,0,0,0,240,0,0,0,0,0,0,0,0,138,0,0,0,0,0,0,0,0,51,stroma
0,0,0,0,0,0,0,0,0,5,0,0,0,0,0,0,0,0,139,0,0,0,0,0,0,0,0,46,0,0,0,0,0,0,0,0,186,0,0,0,0,0,0,0,0,102,0,0,0,0,0,0,0,0,115,0,0,0,0,0,0,0,0,63,stroma
0,0,0,0,0,0,0,0,0,56,0,0,0,0,0,0,0,0,117,0,0,0,0,0,0,0,0,85,0,0,0,0,0,0,0,0,97,0,0,0,0,0,0,0,0,182,0,0,0,0,0,0,0,0,115,0,0,0,0,0,0,0,0,116,stroma
0,0,0,0,0,0,0,0,0,20,0,0,0,0,0,0,0,0,155,0,0,0,0,0,0,0,0,171,0,0,0,0,0,0,0,0,155,0,0,0,0,0,0,0,0,167,0,0,0,0,0,0,0,0,186,0,0,0,0,0,0,0,0,83,stroma
0,0,0,0,0,0,0,0,0,0,0,0,0,0,0,0,0,0,171,0,0,0,0,0,0,0,0,185,0,0,0,0,0,0,0,0,139,0,0,0,0,0,0,0,0,107,0,0,0,0,0,0,0,0,237,0,0,0,0,0,0,0,0,34,stroma
0,0,0,0,0,0,0,0,0,0,0,0,0,0,0,0,0,0,181,0,0,0,0,0,0,0,0,217,0,0,0,0,0,0,0,0,58,0,0,0,0,0,0,0,0,204,0,0,0,0,0,0,0,0,165,0,0,0,0,0,0,0,0,87,stroma
0,0,0,0,0,0,0,0,0,11,0,0,0,0,0,0,0,0,49,0,0,0,0,0,0,0,0,22,0,0,0,0,0,0,0,0,154,0,0,0,0,0,0,0,0,122,0,0,0,0,0,0,0,0,77,0,0,0,0,0,0,0,0,253,stroma
0,0,0,0,0,0,0,0,0,50,0,0,0,0,0,0,0,0,129,0,0,0,0,0,0,0,0,209,0,0,0,0,0,0,0,0,74,0,0,0,0,0,0,0,0,125,0,0,0,0,0,0,0,0,69,0,0,0,0,0,0,0,0,0,stroma
0,0,0,0,0,0,0,0,0,18,0,0,0,0,0,0,0,0,125,0,0,0,0,0,0,0,0,175,0,0,0,0,0,0,0,0,95,0,0,0,0,0,0,0,0,119,0,0,0,0,0,0,0,0,226,0,0,0,0,0,0,0,0,0,stroma
0,0,0,0,0,0,0,0,0,6,0,0,0,0,0,0,0,0,54,0,0,0,0,0,0,0,0,188,0,0,0,0,0,0,0,0,126,0,0,0,0,0,0,0,0,52,0,0,0,0,0,0,0,0,102,0,0,0,0,0,0,0,0,0,stroma
0,0,0,0,0,0,0,0,0,14,0,0,0,0,0,0,0,0,18,0,0,0,0,0,0,0,0,82,0,0,0,0,0,0,0,0,57,0,0,0,0,0,0,0,0,187,0,0,0,0,0,0,0,0,58,0,0,0,0,0,0,0,0,12,stroma
0,0,0,0,0,0,0,0,0,3,0,0,0,0,0,0,0,0,63,0,0,0,0,0,0,0,0,229,0,0,0,0,0,0,0,0,32,0,0,0,0,0,0,0,0,2,0,0,0,0,0,0,0,0,247,0,0,0,0,0,0,0,0,0,stroma
0,0,0,0,0,0,0,0,0,19,0,0,0,0,0,0,0,0,170,0,0,0,0,0,0,0,0,188,0,0,0,0,0,0,0,0,234,0,0,0,0,0,0,0,0,24,0,0,0,0,0,0,0,0,49,0,0,0,0,0,0,0,0,0,stroma
0,0,0,0,0,0,0,0,0,22,0,0,0,0,0,0,0,0,167,0,0,0,0,0,0,0,0,5,0,0,0,0,0,0,0,0,26,0,0,0,0,0,0,0,0,71,0,0,0,0,0,0,0,0,208,0,0,0,0,0,0,0,0,111,stroma
0,0,0,0,0,0,0,0,0,0,0,0,0,0,0,0,0,0,171,0,0,0,0,0,0,0,0,8,0,0,0,0,0,0,0,0,28,0,0,0,0,0,0,0,0,239,0,0,0,0,0,0,0,0,107,0,0,0,0,0,0,0,0,32,stroma
0,0,0,0,0,0,0,0,0,58,0,0,0,0,0,0,0,0,39,0,0,0,0,0,0,0,0,20,0,0,0,0,0,0,0,0,0,0,0,0,0,0,0,0,0,249,0,0,0,0,0,0,0,0,219,0,0,0,0,0,0,0,0,0,stroma
0,0,0,0,0,0,0,0,0,16,0,0,0,0,0,0,0,0,30,0,0,0,0,0,0,0,0,55,0,0,0,0,0,0,0,0,189,0,0,0,0,0,0,0,0,18,0,0,0,0,0,0,0,0,190,0,0,0,0,0,0,0,0,39,stroma
0,0,0,0,0,0,0,0,0,68,0,0,0,0,0,0,0,0,150,0,0,0,0,0,0,0,0,11,0,0,0,0,0,0,0,0,61,0,0,0,0,0,0,0,0,181,0,0,0,0,0,0,0,0,159,0,0,0,0,0,0,0,0,26,stroma
0,0,0,0,0,0,0,0,0,16,0,0,0,0,0,0,0,0,131,0,0,0,0,0,0,0,0,205,0,0,0,0,0,0,0,0,69,0,0,0,0,0,0,0,0,244,0,0,0,0,0,0,0,0,163,0,0,0,0,0,0,0,0,5,stroma
0,0,0,0,0,0,0,0,0,164,0,0,0,0,0,0,0,0,44,0,0,0,0,0,0,0,0,97,0,0,0,0,0,0,0,0,0,0,0,0,0,0,0,0,0,100,0,0,0,0,0,0,0,0,161,0,0,0,0,0,0,0,0,227,stroma
0,0,0,0,0,0,0,0,0,11,0,0,0,0,0,0,0,0,149,0,0,0,0,0,0,0,0,255,0,0,0,0,0,0,0,0,78,0,0,0,0,0,0,0,0,143,0,0,0,0,0,0,0,0,88,0,0,0,0,0,0,0,0,69,stroma
0,0,0,0,0,0,0,0,0,39,0,0,0,0,0,0,0,0,73,0,0,0,0,0,0,0,0,44,0,0,0,0,0,0,0,0,135,0,0,0,0,0,0,0,0,108,0,0,0,0,0,0,0,0,43,0,0,0,0,0,0,0,0,134,stroma
0,0,0,0,0,0,0,0,0,23,0,0,0,0,0,0,0,0,79,0,0,0,0,0,0,0,0,80,0,0,0,0,0,0,0,0,202,0,0,0,0,0,0,0,0,179,0,0,0,0,0,0,0,0,26,0,0,0,0,0,0,0,0,119,stroma
0,0,0,0,0,0,0,0,0,51,0,0,0,0,0,0,0,0,198,0,0,0,0,0,0,0,0,198,0,0,0,0,0,0,0,0,215,0,0,0,0,0,0,0,0,88,0,0,0,0,0,0,0,0,80,0,0,0,0,0,0,0,0,3,stroma
0,0,0,0,0,0,0,0,0,16,0,0,0,0,0,0,0,0,131,0,0,0,0,0,0,0,0,197,0,0,0,0,0,0,0,0,75,0,0,0,0,0,0,0,0,230,0,0,0,0,0,0,0,0,219,0,0,0,0,0,0,0,0,0,stroma
0,0,0,0,0,0,0,0,0,39,0,0,0,0,0,0,0,0,132,0,0,0,0,0,0,0,0,227,0,0,0,0,0,0,0,0,14,0,0,0,0,0,0,0,0,3,0,0,0,0,0,0,0,0,50,0,0,0,0,0,0,0,0,0,stroma
0,0,0,0,0,0,0,0,0,139,0,0,0,0,0,0,0,0,206,0,0,0,0,0,0,0,0,159,0,0,0,0,0,0,0,0,18,0,0,0,0,0,0,0,0,69,0,0,0,0,0,0,0,0,11,0,0,0,0,0,0,0,0,0,stroma
0,0,0,0,0,0,0,0,0,2,0,0,0,0,0,0,0,0,54,0,0,0,0,0,0,0,0,153,0,0,0,0,0,0,0,0,214,0,0,0,0,0,0,0,0,189,0,0,0,0,0,0,0,0,252,0,0,0,0,0,0,0,0,48,stroma
0,0,0,0,0,0,0,0,0,0,0,0,0,0,0,0,0,0,94,0,0,0,0,0,0,0,0,192,0,0,0,0,0,0,0,0,191,0,0,0,0,0,0,0,0,81,0,0,0,0,0,0,0,0,98,0,0,0,0,0,0,0,0,0,stroma
0,0,0,0,0,0,0,0,0,49,0,0,0,0,0,0,0,0,115,0,0,0,0,0,0,0,0,126,0,0,0,0,0,0,0,0,126,0,0,0,0,0,0,0,0,11,0,0,0,0,0,0,0,0,156,0,0,0,0,0,0,0,0,61,stroma
0,0,0,0,0,0,0,0,0,41,0,0,0,0,0,0,0,0,183,0,0,0,0,0,0,0,0,134,0,0,0,0,0,0,0,0,158,0,0,0,0,0,0,0,0,157,0,0,0,0,0,0,0,0,3,0,0,0,0,0,0,0,0,236,stroma
0,0,0,0,0,0,0,0,0,11,0,0,0,0,0,0,0,0,216,0,0,0,0,0,0,0,0,209,0,0,0,0,0,0,0,0,49,0,0,0,0,0,0,0,0,255,0,0,0,0,0,0,0,0,101,0,0,0,0,0,0,0,0,27,stroma
0,0,0,0,0,0,0,0,0,5,0,0,0,0,0,0,0,0,107,0,0,0,0,0,0,0,0,79,0,0,0,0,0,0,0,0,133,0,0,0,0,0,0,0,0,228,0,0,0,0,0,0,0,0,132,0,0,0,0,0,0,0,0,248,stroma
0,0,0,0,0,0,0,0,0,0,0,0,0,0,0,0,0,0,200,0,0,0,0,0,0,0,0,125,0,0,0,0,0,0,0,0,95,0,0,0,0,0,0,0,0,25,0,0,0,0,0,0,0,0,112,0,0,0,0,0,0,0,0,253,stroma
0,0,0,0,0,0,0,0,0,52,0,0,0,0,0,0,0,0,227,0,0,0,0,0,0,0,0,201,0,0,0,0,0,0,0,0,35,0,0,0,0,0,0,0,0,40,0,0,0,0,0,0,0,0,250,0,0,0,0,0,0,0,0,12,stroma
0,0,0,0,0,0,0,0,0,13,0,0,0,0,0,0,0,0,228,0,0,0,0,0,0,0,0,51,0,0,0,0,0,0,0,0,178,0,0,0,0,0,0,0,0,181,0,0,0,0,0,0,0,0,251,0,0,0,0,0,0,0,0,10,stroma
0,0,0,0,0,0,0,0,0,0,0,0,0,0,0,0,0,0,176,0,0,0,0,0,0,0,0,153,0,0,0,0,0,0,0,0,44,0,0,0,0,0,0,0,0,242,0,0,0,0,0,0,0,0,105,0,0,0,0,0,0,0,0,49,stroma
0,0,0,0,0,0,0,0,0,31,0,0,0,0,0,0,0,0,50,0,0,0,0,0,0,0,0,221,0,0,0,0,0,0,0,0,118,0,0,0,0,0,0,0,0,42,0,0,0,0,0,0,0,0,158,0,0,0,0,0,0,0,0,45,stroma
0,0,0,0,0,0,0,0,0,118,0,0,0,0,0,0,0,0,166,0,0,0,0,0,0,0,0,52,0,0,0,0,0,0,0,0,27,0,0,0,0,0,0,0,0,188,0,0,0,0,0,0,0,0,148,0,0,0,0,0,0,0,0,70,stroma
0,0,0,0,0,0,0,0,0,125,0,0,0,0,0,0,0,0,81,0,0,0,0,0,0,0,0,126,0,0,0,0,0,0,0,0,174,0,0,0,0,0,0,0,0,11,0,0,0,0,0,0,0,0,245,0,0,0,0,0,0,0,0,42,stroma
0,0,0,0,0,0,0,0,0,2,0,0,0,0,0,0,0,0,175,0,0,0,0,0,0,0,0,252,0,0,0,0,0,0,0,0,70,0,0,0,0,0,0,0,0,196,0,0,0,0,0,0,0,0,114,0,0,0,0,0,0,0,0,88,stroma
0,0,0,0,0,0,0,0,0,49,0,0,0,0,0,0,0,0,85,0,0,0,0,0,0,0,0,113,0,0,0,0,0,0,0,0,203,0,0,0,0,0,0,0,0,233,0,0,0,0,0,0,0,0,162,0,0,0,0,0,0,0,0,221,stroma
0,0,0,0,0,0,0,0,0,0,0,0,0,0,0,0,0,0,71,0,0,0,0,0,0,0,0,219,0,0,0,0,0,0,0,0,79,0,0,0,0,0,0,0,0,234,0,0,0,0,0,0,0,0,82,0,0,0,0,0,0,0,0,147,stroma
0,0,0,0,0,0,0,0,0,0,0,0,0,0,0,0,0,0,231,0,0,0,0,0,0,0,0,89,0,0,0,0,0,0,0,0,23,0,0,0,0,0,0,0,0,160,0,0,0,0,0,0,0,0,32,0,0,0,0,0,0,0,0,141,stroma
0,0,0,0,0,0,0,0,0,1,0,0,0,0,0,0,0,0,86,0,0,0,0,0,0,0,0,150,0,0,0,0,0,0,0,0,203,0,0,0,0,0,0,0,0,205,0,0,0,0,0,0,0,0,246,0,0,0,0,0,0,0,0,79,stroma
0,0,0,0,0,0,0,0,0,39,0,0,0,0,0,0,0,0,94,0,0,0,0,0,0,0,0,232,0,0,0,0,0,0,0,0,28,0,0,0,0,0,0,0,0,187,0,0,0,0,0,0,0,0,143,0,0,0,0,0,0,0,0,6,stroma
0,0,0,0,0,0,0,0,0,0,0,0,0,0,0,0,0,0,6,0,0,0,0,0,0,0,0,144,0,0,0,0,0,0,0,0,31,0,0,0,0,0,0,0,0,241,0,0,0,0,0,0,0,0,118,0,0,0,0,0,0,0,0,136,stroma
0,0,0,0,0,0,0,0,0,8,0,0,0,0,0,0,0,0,83,0,0,0,0,0,0,0,0,133,0,0,0,0,0,0,0,0,80,0,0,0,0,0,0,0,0,107,0,0,0,0,0,0,0,0,175,0,0,0,0,0,0,0,0,87,stroma
0,0,0,0,0,0,0,0,0,0,0,0,0,0,0,0,0,0,181,0,0,0,0,0,0,0,0,36,0,0,0,0,0,0,0,0,232,0,0,0,0,0,0,0,0,108,0,0,0,0,0,0,0,0,223,0,0,0,0,0,0,0,0,229,stroma
0,0,0,0,0,0,0,0,0,0,0,0,0,0,0,0,0,0,19,0,0,0,0,0,0,0,0,42,0,0,0,0,0,0,0,0,232,0,0,0,0,0,0,0,0,123,0,0,0,0,0,0,0,0,99,0,0,0,0,0,0,0,0,61,stroma
0,0,0,0,0,0,0,0,0,6,0,0,0,0,0,0,0,0,160,0,0,0,0,0,0,0,0,133,0,0,0,0,0,0,0,0,251,0,0,0,0,0,0,0,0,111,0,0,0,0,0,0,0,0,113,0,0,0,0,0,0,0,0,158,stroma
0,0,0,0,0,0,0,0,0,12,0,0,0,0,0,0,0,0,207,0,0,0,0,0,0,0,0,17,0,0,0,0,0,0,0,0,158,0,0,0,0,0,0,0,0,14,0,0,0,0,0,0,0,0,96,0,0,0,0,0,0,0,0,12,stroma
0,0,0,0,0,0,0,0,0,0,0,0,0,0,0,0,0,0,93,0,0,0,0,0,0,0,0,203,0,0,0,0,0,0,0,0,168,0,0,0,0,0,0,0,0,253,0,0,0,0,0,0,0,0,126,0,0,0,0,0,0,0,0,85,stroma
0,0,0,0,0,0,0,0,0,15,0,0,0,0,0,0,0,0,200,0,0,0,0,0,0,0,0,214,0,0,0,0,0,0,0,0,169,0,0,0,0,0,0,0,0,46,0,0,0,0,0,0,0,0,11,0,0,0,0,0,0,0,0,74,stroma
0,0,0,0,0,0,0,0,0,0,0,0,0,0,0,0,0,0,230,0,0,0,0,0,0,0,0,204,0,0,0,0,0,0,0,0,88,0,0,0,0,0,0,0,0,14,0,0,0,0,0,0,0,0,13,0,0,0,0,0,0,0,0,235,stroma
0,0,0,0,0,0,0,0,0,29,0,0,0,0,0,0,0,0,214,0,0,0,0,0,0,0,0,141,0,0,0,0,0,0,0,0,143,0,0,0,0,0,0,0,0,149,0,0,0,0,0,0,0,0,33,0,0,0,0,0,0,0,0,75,stroma
0,0,0,0,0,0,0,0,0,0,0,0,0,0,0,0,0,0,32,0,0,0,0,0,0,0,0,115,0,0,0,0,0,0,0,0,155,0,0,0,0,0,0,0,0,149,0,0,0,0,0,0,0,0,52,0,0,0,0,0,0,0,0,211,stroma
0,0,0,0,0,0,0,0,0,0,0,0,0,0,0,0,0,0,28,0,0,0,0,0,0,0,0,216,0,0,0,0,0,0,0,0,0,0,0,0,0,0,0,0,0,186,0,0,0,0,0,0,0,0,199,0,0,0,0,0,0,0,0,47,stroma
0,0,0,0,0,0,0,0,0,0,0,0,0,0,0,0,0,0,6,0,0,0,0,0,0,0,0,223,0,0,0,0,0,0,0,0,89,0,0,0,0,0,0,0,0,55,0,0,0,0,0,0,0,0,1,0,0,0,0,0,0,0,0,43,stroma
0,0,0,0,0,0,0,0,0,3,0,0,0,0,0,0,0,0,118,0,0,0,0,0,0,0,0,121,0,0,0,0,0,0,0,0,133,0,0,0,0,0,0,0,0,227,0,0,0,0,0,0,0,0,59,0,0,0,0,0,0,0,0,12,stroma
0,0,0,0,0,0,0,0,0,0,0,0,0,0,0,0,0,0,29,0,0,0,0,0,0,0,0,193,0,0,0,0,0,0,0,0,104,0,0,0,0,0,0,0,0,207,0,0,0,0,0,0,0,0,127,0,0,0,0,0,0,0,0,54,stroma
0,0,0,0,0,0,0,0,0,0,0,0,0,0,0,0,0,0,63,0,0,0,0,0,0,0,0,47,0,0,0,0,0,0,0,0,253,0,0,0,0,0,0,0,0,117,0,0,0,0,0,0,0,0,10,0,0,0,0,0,0,0,0,111,stroma
0,0,0,0,0,0,0,0,0,0,0,0,0,0,0,0,0,0,196,0,0,0,0,0,0,0,0,233,0,0,0,0,0,0,0,0,17,0,0,0,0,0,0,0,0,162,0,0,0,0,0,0,0,0,26,0,0,0,0,0,0,0,0,198,stroma
0,0,0,0,0,0,0,0,0,0,0,0,0,0,0,0,0,0,144,0,0,0,0,0,0,0,0,177,0,0,0,0,0,0,0,0,60,0,0,0,0,0,0,0,0,18,0,0,0,0,0,0,0,0,76,0,0,0,0,0,0,0,0,62,stroma
0,0,0,0,0,0,0,0,0,7,0,0,0,0,0,0,0,0,110,0,0,0,0,0,0,0,0,180,0,0,0,0,0,0,0,0,126,0,0,0,0,0,0,0,0,222,0,0,0,0,0,0,0,0,27,0,0,0,0,0,0,0,0,120,stroma
0,0,0,0,0,0,0,0,0,8,0,0,0,0,0,0,0,0,124,0,0,0,0,0,0,0,0,27,0,0,0,0,0,0,0,0,136,0,0,0,0,0,0,0,0,245,0,0,0,0,0,0,0,0,155,0,0,0,0,0,0,0,0,89,stroma
0,0,0,0,0,0,0,0,0,0,0,0,0,0,0,0,0,0,0,0,0,0,0,0,0,0,0,134,0,0,0,0,0,0,0,0,149,0,0,0,0,0,0,0,0,112,0,0,0,0,0,0,0,0,70,0,0,0,0,0,0,0,0,72,stroma
0,0,0,0,0,0,0,0,0,5,0,0,0,0,0,0,0,0,74,0,0,0,0,0,0,0,0,10,0,0,0,0,0,0,0,0,195,0,0,0,0,0,0,0,0,91,0,0,0,0,0,0,0,0,116,0,0,0,0,0,0,0,0,237,stroma
0,0,0,0,0,0,0,0,0,1,0,0,0,0,0,0,0,0,115,0,0,0,0,0,0,0,0,187,0,0,0,0,0,0,0,0,218,0,0,0,0,0,0,0,0,234,0,0,0,0,0,0,0,0,59,0,0,0,0,0,0,0,0,18,stroma
0,0,0,0,0,0,0,0,0,4,0,0,0,0,0,0,0,0,85,0,0,0,0,0,0,0,0,195,0,0,0,0,0,0,0,0,41,0,0,0,0,0,0,0,0,32,0,0,0,0,0,0,0,0,54,0,0,0,0,0,0,0,0,121,stroma
0,0,0,0,0,0,0,0,0,28,0,0,0,0,0,0,0,0,26,0,0,0,0,0,0,0,0,8,0,0,0,0,0,0,0,0,95,0,0,0,0,0,0,0,0,233,0,0,0,0,0,0,0,0,202,0,0,0,0,0,0,0,0,81,stroma
0,0,0,0,0,0,0,0,0,0,0,0,0,0,0,0,0,0,133,0,0,0,0,0,0,0,0,237,0,0,0,0,0,0,0,0,181,0,0,0,0,0,0,0,0,39,0,0,0,0,0,0,0,0,241,0,0,0,0,0,0,0,0,5,stroma
0,0,0,0,0,0,0,0,0,0,0,0,0,0,0,0,0,0,53,0,0,0,0,0,0,0,0,228,0,0,0,0,0,0,0,0,49,0,0,0,0,0,0,0,0,183,0,0,0,0,0,0,0,0,200,0,0,0,0,0,0,0,0,27,stroma
0,0,0,0,0,0,0,0,0,0,0,0,0,0,0,0,0,0,49,0,0,0,0,0,0,0,0,11,0,0,0,0,0,0,0,0,136,0,0,0,0,0,0,0,0,163,0,0,0,0,0,0,0,0,13,0,0,0,0,0,0,0,0,98,stroma
0,0,0,0,0,0,0,0,0,82,0,0,0,0,0,0,0,0,208,0,0,0,0,0,0,0,0,212,0,0,0,0,0,0,0,0,80,0,0,0,0,0,0,0,0,9,0,0,0,0,0,0,0,0,17,0,0,0,0,0,0,0,0,137,stroma
0,0,0,0,0,0,0,0,0,0,0,0,0,0,0,0,0,0,47,0,0,0,0,0,0,0,0,224,0,0,0,0,0,0,0,0,221,0,0,0,0,0,0,0,0,177,0,0,0,0,0,0,0,0,142,0,0,0,0,0,0,0,0,227,stroma
0,0,0,0,0,0,0,0,0,4,0,0,0,0,0,0,0,0,122,0,0,0,0,0,0,0,0,22,0,0,0,0,0,0,0,0,162,0,0,0,0,0,0,0,0,116,0,0,0,0,0,0,0,0,160,0,0,0,0,0,0,0,0,183,stroma
0,0,0,0,0,0,0,0,0,10,0,0,0,0,0,0,0,0,7,0,0,0,0,0,0,0,0,123,0,0,0,0,0,0,0,0,100,0,0,0,0,0,0,0,0,151,0,0,0,0,0,0,0,0,53,0,0,0,0,0,0,0,0,200,stroma
0,0,0,0,0,0,0,0,0,66,0,0,0,0,0,0,0,0,74,0,0,0,0,0,0,0,0,253,0,0,0,0,0,0,0,0,228,0,0,0,0,0,0,0,0,136,0,0,0,0,0,0,0,0,13,0,0,0,0,0,0,0,0,0,stroma
0,0,0,0,0,0,0,0,0,50,0,0,0,0,0,0,0,0,216,0,0,0,0,0,0,0,0,134,0,0,0,0,0,0,0,0,15,0,0,0,0,0,0,0,0,101,0,0,0,0,0,0,0,0,225,0,0,0,0,0,0,0,0,255,stroma
0,0,0,0,0,0,0,0,0,1,0,0,0,0,0,0,0,0,94,0,0,0,0,0,0,0,0,38,0,0,0,0,0,0,0,0,173,0,0,0,0,0,0,0,0,167,0,0,0,0,0,0,0,0,21,0,0,0,0,0,0,0,0,91,stroma
0,0,0,0,0,0,0,0,0,11,0,0,0,0,0,0,0,0,22,0,0,0,0,0,0,0,0,16,0,0,0,0,0,0,0,0,115,0,0,0,0,0,0,0,0,107,0,0,0,0,0,0,0,0,234,0,0,0,0,0,0,0,0,104,stroma
0,0,0,0,0,0,0,0,0,33,0,0,0,0,0,0,0,0,151,0,0,0,0,0,0,0,0,173,0,0,0,0,0,0,0,0,156,0,0,0,0,0,0,0,0,42,0,0,0,0,0,0,0,0,154,0,0,0,0,0,0,0,0,223,stroma
0,0,0,0,0,0,0,0,0,15,0,0,0,0,0,0,0,0,116,0,0,0,0,0,0,0,0,150,0,0,0,0,0,0,0,0,81,0,0,0,0,0,0,0,0,206,0,0,0,0,0,0,0,0,200,0,0,0,0,0,0,0,0,1,stroma
0,0,0,0,0,0,0,0,0,0,0,0,0,0,0,0,0,0,212,0,0,0,0,0,0,0,0,115,0,0,0,0,0,0,0,0,215,0,0,0,0,0,0,0,0,83,0,0,0,0,0,0,0,0,39,0,0,0,0,0,0,0,0,142,stroma
0,0,0,0,0,0,0,0,0,20,0,0,0,0,0,0,0,0,161,0,0,0,0,0,0,0,0,60,0,0,0,0,0,0,0,0,100,0,0,0,0,0,0,0,0,15,0,0,0,0,0,0,0,0,52,0,0,0,0,0,0,0,0,248,stroma
0,0,0,0,0,0,0,0,0,0,0,0,0,0,0,0,0,0,244,0,0,0,0,0,0,0,0,13,0,0,0,0,0,0,0,0,40,0,0,0,0,0,0,0,0,198,0,0,0,0,0,0,0,0,61,0,0,0,0,0,0,0,0,0,stroma
0,0,0,0,0,0,0,0,0,91,0,0,0,0,0,0,0,0,177,0,0,0,0,0,0,0,0,157,0,0,0,0,0,0,0,0,73,0,0,0,0,0,0,0,0,148,0,0,0,0,0,0,0,0,38,0,0,0,0,0,0,0,0,0,stroma
0,0,0,0,0,0,0,0,0,101,0,0,0,0,0,0,0,0,193,0,0,0,0,0,0,0,0,133,0,0,0,0,0,0,0,0,94,0,0,0,0,0,0,0,0,75,0,0,0,0,0,0,0,0,14,0,0,0,0,0,0,0,0,46,stroma
0,0,0,0,0,0,0,0,0,38,0,0,0,0,0,0,0,0,247,0,0,0,0,0,0,0,0,74,0,0,0,0,0,0,0,0,147,0,0,0,0,0,0,0,0,127,0,0,0,0,0,0,0,0,200,0,0,0,0,0,0,0,0,0,stroma
0,0,0,0,0,0,0,0,0,29,0,0,0,0,0,0,0,0,117,0,0,0,0,0,0,0,0,69,0,0,0,0,0,0,0,0,235,0,0,0,0,0,0,0,0,165,0,0,0,0,0,0,0,0,217,0,0,0,0,0,0,0,0,0,stroma
0,0,0,0,0,0,0,0,0,27,0,0,0,0,0,0,0,0,131,0,0,0,0,0,0,0,0,249,0,0,0,0,0,0,0,0,165,0,0,0,0,0,0,0,0,14,0,0,0,0,0,0,0,0,74,0,0,0,0,0,0,0,0,133,stroma
0,0,0,0,0,0,0,0,0,20,0,0,0,0,0,0,0,0,166,0,0,0,0,0,0,0,0,251,0,0,0,0,0,0,0,0,228,0,0,0,0,0,0,0,0,68,0,0,0,0,0,0,0,0,60,0,0,0,0,0,0,0,0,0,stroma
0,0,0,0,0,0,0,0,0,89,0,0,0,0,0,0,0,0,88,0,0,0,0,0,0,0,0,115,0,0,0,0,0,0,0,0,34,0,0,0,0,0,0,0,0,208,0,0,0,0,0,0,0,0,244,0,0,0,0,0,0,0,0,6,stroma
0,0,0,0,0,0,0,0,0,26,0,0,0,0,0,0,0,0,207,0,0,0,0,0,0,0,0,137,0,0,0,0,0,0,0,0,9,0,0,0,0,0,0,0,0,174,0,0,0,0,0,0,0,0,107,0,0,0,0,0,0,0,0,172,stroma
0,0,0,0,0,0,0,0,0,23,0,0,0,0,0,0,0,0,129,0,0,0,0,0,0,0,0,91,0,0,0,0,0,0,0,0,67,0,0,0,0,0,0,0,0,50,0,0,0,0,0,0,0,0,11,0,0,0,0,0,0,0,0,205,stroma
0,0,0,0,0,0,0,0,0,0,0,0,0,0,0,0,0,0,221,0,0,0,0,0,0,0,0,8,0,0,0,0,0,0,0,0,109,0,0,0,0,0,0,0,0,160,0,0,0,0,0,0,0,0,186,0,0,0,0,0,0,0,0,0,stroma
0,0,0,0,0,0,0,0,0,0,0,0,0,0,0,0,0,0,28,0,0,0,0,0,0,0,0,205,0,0,0,0,0,0,0,0,205,0,0,0,0,0,0,0,0,105,0,0,0,0,0,0,0,0,14,0,0,0,0,0,0,0,0,99,stroma
0,0,0,0,0,0,0,0,0,173,0,0,0,0,0,0,0,0,130,0,0,0,0,0,0,0,0,156,0,0,0,0,0,0,0,0,91,0,0,0,0,0,0,0,0,105,0,0,0,0,0,0,0,0,115,0,0,0,0,0,0,0,0,231,stroma
0,0,0,0,0,0,0,0,0,218,0,0,0,0,0,0,0,0,127,0,0,0,0,0,0,0,0,6,0,0,0,0,0,0,0,0,117,0,0,0,0,0,0,0,0,123,0,0,0,0,0,0,0,0,234,0,0,0,0,0,0,0,0,215,stroma
0,0,0,0,0,0,0,0,0,23,0,0,0,0,0,0,0,0,188,0,0,0,0,0,0,0,0,156,0,0,0,0,0,0,0,0,41,0,0,0,0,0,0,0,0,138,0,0,0,0,0,0,0,0,70,0,0,0,0,0,0,0,0,25,stroma
0,0,0,0,0,0,0,0,0,34,0,0,0,0,0,0,0,0,124,0,0,0,0,0,0,0,0,19,0,0,0,0,0,0,0,0,10,0,0,0,0,0,0,0,0,156,0,0,0,0,0,0,0,0,56,0,0,0,0,0,0,0,0,21,stroma
0,0,0,0,0,0,0,0,0,0,0,0,0,0,0,0,0,0,64,0,0,0,0,0,0,0,0,214,0,0,0,0,0,0,0,0,181,0,0,0,0,0,0,0,0,157,0,0,0,0,0,0,0,0,14,0,0,0,0,0,0,0,0,139,stroma
0,0,0,0,0,0,0,0,0,23,0,0,0,0,0,0,0,0,97,0,0,0,0,0,0,0,0,250,0,0,0,0,0,0,0,0,248,0,0,0,0,0,0,0,0,37,0,0,0,0,0,0,0,0,217,0,0,0,0,0,0,0,0,25,stroma
0,0,0,0,0,0,0,0,0,25,0,0,0,0,0,0,0,0,211,0,0,0,0,0,0,0,0,7,0,0,0,0,0,0,0,0,234,0,0,0,0,0,0,0,0,74,0,0,0,0,0,0,0,0,51,0,0,0,0,0,0,0,0,74,stroma
0,0,0,0,0,0,0,0,0,11,0,0,0,0,0,0,0,0,148,0,0,0,0,0,0,0,0,34,0,0,0,0,0,0,0,0,45,0,0,0,0,0,0,0,0,47,0,0,0,0,0,0,0,0,44,0,0,0,0,0,0,0,0,149,stroma
0,0,0,0,0,0,0,0,0,6,0,0,0,0,0,0,0,0,205,0,0,0,0,0,0,0,0,49,0,0,0,0,0,0,0,0,190,0,0,0,0,0,0,0,0,12,0,0,0,0,0,0,0,0,100,0,0,0,0,0,0,0,0,40,stroma
0,0,0,0,0,0,0,0,0,0,0,0,0,0,0,0,0,0,103,0,0,0,0,0,0,0,0,144,0,0,0,0,0,0,0,0,211,0,0,0,0,0,0,0,0,207,0,0,0,0,0,0,0,0,106,0,0,0,0,0,0,0,0,1,stroma
0,0,0,0,0,0,0,0,0,0,0,0,0,0,0,0,0,0,61,0,0,0,0,0,0,0,0,96,0,0,0,0,0,0,0,0,221,0,0,0,0,0,0,0,0,160,0,0,0,0,0,0,0,0,114,0,0,0,0,0,0,0,0,21,stroma
0,0,0,0,0,0,0,0,0,2,0,0,0,0,0,0,0,0,37,0,0,0,0,0,0,0,0,151,0,0,0,0,0,0,0,0,209,0,0,0,0,0,0,0,0,82,0,0,0,0,0,0,0,0,63,0,0,0,0,0,0,0,0,32,stroma
0,0,0,0,0,0,0,0,0,0,0,0,0,0,0,0,0,0,94,0,0,0,0,0,0,0,0,63,0,0,0,0,0,0,0,0,126,0,0,0,0,0,0,0,0,190,0,0,0,0,0,0,0,0,96,0,0,0,0,0,0,0,0,0,stroma
0,0,0,0,0,0,0,0,0,23,0,0,0,0,0,0,0,0,163,0,0,0,0,0,0,0,0,133,0,0,0,0,0,0,0,0,183,0,0,0,0,0,0,0,0,23,0,0,0,0,0,0,0,0,5,0,0,0,0,0,0,0,0,240,stroma
0,0,0,0,0,0,0,0,0,0,0,0,0,0,0,0,0,0,50,0,0,0,0,0,0,0,0,197,0,0,0,0,0,0,0,0,50,0,0,0,0,0,0,0,0,212,0,0,0,0,0,0,0,0,180,0,0,0,0,0,0,0,0,101,stroma
0,0,0,0,0,0,0,0,0,5,0,0,0,0,0,0,0,0,21,0,0,0,0,0,0,0,0,177,0,0,0,0,0,0,0,0,3,0,0,0,0,0,0,0,0,16,0,0,0,0,0,0,0,0,137,0,0,0,0,0,0,0,0,41,stroma
0,0,0,0,0,0,0,0,0,4,0,0,0,0,0,0,0,0,76,0,0,0,0,0,0,0,0,189,0,0,0,0,0,0,0,0,217,0,0,0,0,0,0,0,0,93,0,0,0,0,0,0,0,0,211,0,0,0,0,0,0,0,0,0,stroma
0,0,0,0,0,0,0,0,0,0,0,0,0,0,0,0,0,0,49,0,0,0,0,0,0,0,0,20,0,0,0,0,0,0,0,0,60,0,0,0,0,0,0,0,0,241,0,0,0,0,0,0,0,0,153,0,0,0,0,0,0,0,0,222,stroma
0,0,0,0,0,0,0,0,0,46,0,0,0,0,0,0,0,0,227,0,0,0,0,0,0,0,0,203,0,0,0,0,0,0,0,0,32,0,0,0,0,0,0,0,0,20,0,0,0,0,0,0,0,0,79,0,0,0,0,0,0,0,0,49,stroma
0,0,0,0,0,0,0,0,0,0,0,0,0,0,0,0,0,0,190,0,0,0,0,0,0,0,0,130,0,0,0,0,0,0,0,0,110,0,0,0,0,0,0,0,0,249,0,0,0,0,0,0,0,0,82,0,0,0,0,0,0,0,0,8,stroma
0,0,0,0,0,0,0,0,0,1,0,0,0,0,0,0,0,0,56,0,0,0,0,0,0,0,0,44,0,0,0,0,0,0,0,0,26,0,0,0,0,0,0,0,0,93,0,0,0,0,0,0,0,0,2,0,0,0,0,0,0,0,0,107,stroma
0,0,0,0,0,0,0,0,0,0,0,0,0,0,0,0,0,0,27,0,0,0,0,0,0,0,0,35,0,0,0,0,0,0,0,0,84,0,0,0,0,0,0,0,0,174,0,0,0,0,0,0,0,0,29,0,0,0,0,0,0,0,0,231,stroma
0,0,0,0,0,0,0,0,0,2,0,0,0,0,0,0,0,0,107,0,0,0,0,0,0,0,0,232,0,0,0,0,0,0,0,0,211,0,0,0,0,0,0,0,0,22,0,0,0,0,0,0,0,0,154,0,0,0,0,0,0,0,0,206,stroma
0,0,0,0,0,0,0,0,0,23,0,0,0,0,0,0,0,0,86,0,0,0,0,0,0,0,0,131,0,0,0,0,0,0,0,0,66,0,0,0,0,0,0,0,0,224,0,0,0,0,0,0,0,0,234,0,0,0,0,0,0,0,0,168,stroma
0,0,0,0,0,0,0,0,0,0,0,0,0,0,0,0,0,0,35,0,0,0,0,0,0,0,0,230,0,0,0,0,0,0,0,0,58,0,0,0,0,0,0,0,0,226,0,0,0,0,0,0,0,0,234,0,0,0,0,0,0,0,0,18,stroma
0,0,0,0,0,0,0,0,0,0,0,0,0,0,0,0,0,0,140,0,0,0,0,0,0,0,0,175,0,0,0,0,0,0,0,0,211,0,0,0,0,0,0,0,0,108,0,0,0,0,0,0,0,0,37,0,0,0,0,0,0,0,0,98,stroma
0,0,0,0,0,0,0,0,0,69,0,0,0,0,0,0,0,0,135,0,0,0,0,0,0,0,0,192,0,0,0,0,0,0,0,0,113,0,0,0,0,0,0,0,0,13,0,0,0,0,0,0,0,0,145,0,0,0,0,0,0,0,0,102,stroma
